2026-06-13 17:42:11 info: Servidor WebSocket escoltant al port 8080
2026-06-13 17:42:41 error: Error connectant a MongoDB: connect ECONNREFUSED 127.0.0.1:27017
2026-06-13 18:07:53 info: Servidor WebSocket escoltant al port 8080
2026-06-13 18:08:06 info: Nou client connectat: ::ffff:127.0.0.1
2026-06-13 18:08:06 info: Nova partida iniciada - Session: 8486b909-e462-4d83-8136-ac8b138f8043, Player: player_612, Posició inicial: (0, 0)
2026-06-13 18:08:06 error: Error processant missatge: Cannot read properties of undefined (reading 'insertOne')
2026-06-13 18:08:10 error: Error processant missatge: Cannot read properties of undefined (reading 'insertOne')
2026-06-13 18:08:10 error: Error processant missatge: Cannot read properties of undefined (reading 'insertOne')
2026-06-13 18:08:10 error: Error processant missatge: Cannot read properties of undefined (reading 'insertOne')
2026-06-13 18:08:11 error: Error processant missatge: Cannot read properties of undefined (reading 'insertOne')
2026-06-13 18:08:11 error: Error processant missatge: Cannot read properties of undefined (reading 'insertOne')
2026-06-13 18:08:12 error: Error processant missatge: Cannot read properties of undefined (reading 'insertOne')
2026-06-13 18:08:12 error: Error processant missatge: Cannot read properties of undefined (reading 'insertOne')
2026-06-13 18:08:12 error: Error processant missatge: Cannot read properties of undefined (reading 'insertOne')
2026-06-13 18:08:12 error: Error processant missatge: Cannot read properties of undefined (reading 'insertOne')
2026-06-13 18:08:12 error: Error processant missatge: Cannot read properties of undefined (reading 'insertOne')
2026-06-13 18:08:12 error: Error processant missatge: Cannot read properties of undefined (reading 'insertOne')
2026-06-13 18:08:12 error: Error processant missatge: Cannot read properties of undefined (reading 'insertOne')
2026-06-13 18:08:13 error: Error processant missatge: Cannot read properties of undefined (reading 'insertOne')
2026-06-13 18:08:13 error: Error processant missatge: Cannot read properties of undefined (reading 'insertOne')
2026-06-13 18:08:13 error: Error processant missatge: Cannot read properties of undefined (reading 'insertOne')
2026-06-13 18:08:13 error: Error processant missatge: Cannot read properties of undefined (reading 'insertOne')
2026-06-13 18:08:13 error: Error processant missatge: Cannot read properties of undefined (reading 'insertOne')
2026-06-13 18:08:13 error: Error processant missatge: Cannot read properties of undefined (reading 'insertOne')
2026-06-13 18:08:23 error: Error connectant a MongoDB: connect ECONNREFUSED 127.0.0.1:27017
2026-06-13 20:47:13 info: Connectant a MongoDB...
2026-06-13 20:47:43 error: !!! Error connectant a MongoDB: connect ECONNREFUSED 127.0.0.1:27017
2026-06-13 20:51:22 info: Connectant a MongoDB...
2026-06-13 20:51:52 error: !!! Error connectant a MongoDB: getaddrinfo EAI_AGAIN m0486-tema4-ra5-mongo
2026-06-13 21:01:18 info: Connectant a MongoDB...
2026-06-13 21:01:48 error: !!! Error connectant a MongoDB: getaddrinfo EAI_AGAIN m0486-tema4-ra5-mongo
2026-06-13 21:55:47 info: Connectant a MongoDB...
2026-06-13 21:55:47 info: >>> Connectat a MongoDB: game_db
2026-06-13 21:55:47 info: >>> Col·lecció: movements
2026-06-13 21:55:47 info: >>> Servidor preparat. Timeout d'inactivitat: 10000ms
2026-06-13 21:55:47 info: >>> Servidor WebSocket escoltant al port 8080
2026-06-13 22:08:51 info: >>> Nou client connectat: ::ffff:127.0.0.1
2026-06-13 22:08:51 info: +++ Nova partida iniciada - Session: 87d205f7-ee91-4462-bdb5-6755cbac0e0e, Player: player_756, Posició inicial: (0, 0)
2026-06-13 22:08:51 info: +++ Moviment 1 guardat - Session: 87d205f7-ee91-4462-bdb5-6755cbac0e0e - Posició: (0, 0)
2026-06-13 22:08:52 info: +++ Moviment 2 guardat - Session: 87d205f7-ee91-4462-bdb5-6755cbac0e0e - Posició: (0, -1)
2026-06-13 22:08:53 info: +++ Moviment 3 guardat - Session: 87d205f7-ee91-4462-bdb5-6755cbac0e0e - Posició: (1, -1)
2026-06-13 22:08:54 info: +++ Moviment 4 guardat - Session: 87d205f7-ee91-4462-bdb5-6755cbac0e0e - Posició: (2, -1)
2026-06-13 22:08:54 info: +++ Moviment 5 guardat - Session: 87d205f7-ee91-4462-bdb5-6755cbac0e0e - Posició: (3, -1)
2026-06-13 22:08:54 info: +++ Moviment 6 guardat - Session: 87d205f7-ee91-4462-bdb5-6755cbac0e0e - Posició: (3, -2)
2026-06-13 22:08:55 info: +++ Moviment 7 guardat - Session: 87d205f7-ee91-4462-bdb5-6755cbac0e0e - Posició: (4, -2)
2026-06-13 22:09:05 info: Timeout activat per sessió: 87d205f7-ee91-4462-bdb5-6755cbac0e0e
2026-06-13 22:09:05 info: === Partida finalitzada === 
2026-06-13 22:09:05 info:  SessionID: 87d205f7-ee91-4462-bdb5-6755cbac0e0e
2026-06-13 22:09:05 info:  Raó: inactivity_timeout
2026-06-13 22:09:05 info:  Distància: 4.47
2026-06-13 22:09:05 info:  Moviments: 7
2026-06-13 22:09:05 info:  Durada: 14270ms
2026-06-13 22:09:16 info: >>> Nou client connectat: ::ffff:127.0.0.1
2026-06-13 22:09:16 info: +++ Nova partida iniciada - Session: 962abcc0-3588-4e17-bb23-3bd963e6da43, Player: player_498, Posició inicial: (0, 0)
2026-06-13 22:09:16 info: +++ Moviment 1 guardat - Session: 962abcc0-3588-4e17-bb23-3bd963e6da43 - Posició: (0, 0)
2026-06-13 22:09:18 info: +++ Nova partida iniciada - Session: afacdde9-236c-460f-8430-f7c319f38d5f, Player: player_756, Posició inicial: (0, 0)
2026-06-13 22:09:18 info: +++ Moviment 1 guardat - Session: afacdde9-236c-460f-8430-f7c319f38d5f - Posició: (0, 0)
2026-06-13 22:09:22 info: +++ Moviment 2 guardat - Session: 962abcc0-3588-4e17-bb23-3bd963e6da43 - Posició: (0, -1)
2026-06-13 22:09:22 info: +++ Moviment 3 guardat - Session: 962abcc0-3588-4e17-bb23-3bd963e6da43 - Posició: (-1, -1)
2026-06-13 22:09:22 info: +++ Moviment 4 guardat - Session: 962abcc0-3588-4e17-bb23-3bd963e6da43 - Posició: (-2, -1)
2026-06-13 22:09:23 info: +++ Moviment 2 guardat - Session: afacdde9-236c-460f-8430-f7c319f38d5f - Posició: (-1, 0)
2026-06-13 22:09:23 info: +++ Moviment 3 guardat - Session: afacdde9-236c-460f-8430-f7c319f38d5f - Posició: (-2, 0)
2026-06-13 22:09:24 info: +++ Moviment 4 guardat - Session: afacdde9-236c-460f-8430-f7c319f38d5f - Posició: (-2, 1)
2026-06-13 22:09:24 info: +++ Moviment 5 guardat - Session: afacdde9-236c-460f-8430-f7c319f38d5f - Posició: (-2, 2)
2026-06-13 22:09:24 info: +++ Moviment 6 guardat - Session: afacdde9-236c-460f-8430-f7c319f38d5f - Posició: (-1, 2)
2026-06-13 22:09:24 info: +++ Moviment 7 guardat - Session: afacdde9-236c-460f-8430-f7c319f38d5f - Posició: (-1, 1)
2026-06-13 22:09:24 info: +++ Moviment 8 guardat - Session: afacdde9-236c-460f-8430-f7c319f38d5f - Posició: (0, 1)
2026-06-13 22:09:24 info: +++ Moviment 9 guardat - Session: afacdde9-236c-460f-8430-f7c319f38d5f - Posició: (0, 0)
2026-06-13 22:09:25 info: +++ Moviment 5 guardat - Session: 962abcc0-3588-4e17-bb23-3bd963e6da43 - Posició: (-3, -1)
2026-06-13 22:09:25 info: +++ Moviment 6 guardat - Session: 962abcc0-3588-4e17-bb23-3bd963e6da43 - Posició: (-2, -1)
2026-06-13 22:09:25 info: +++ Moviment 7 guardat - Session: 962abcc0-3588-4e17-bb23-3bd963e6da43 - Posició: (-2, -2)
2026-06-13 22:09:25 info: +++ Moviment 8 guardat - Session: 962abcc0-3588-4e17-bb23-3bd963e6da43 - Posició: (-2, -1)
2026-06-13 22:09:25 info: +++ Moviment 9 guardat - Session: 962abcc0-3588-4e17-bb23-3bd963e6da43 - Posició: (-3, -1)
2026-06-13 22:09:25 info: +++ Moviment 10 guardat - Session: 962abcc0-3588-4e17-bb23-3bd963e6da43 - Posició: (-4, -1)
2026-06-13 22:09:26 info: +++ Moviment 11 guardat - Session: 962abcc0-3588-4e17-bb23-3bd963e6da43 - Posició: (-4, -2)
2026-06-13 22:09:26 info: +++ Moviment 10 guardat - Session: afacdde9-236c-460f-8430-f7c319f38d5f - Posició: (-1, 0)
2026-06-13 22:09:26 info: +++ Moviment 11 guardat - Session: afacdde9-236c-460f-8430-f7c319f38d5f - Posició: (-1, 1)
2026-06-13 22:09:26 info: +++ Moviment 12 guardat - Session: afacdde9-236c-460f-8430-f7c319f38d5f - Posició: (0, 1)
2026-06-13 22:09:26 info: +++ Moviment 13 guardat - Session: afacdde9-236c-460f-8430-f7c319f38d5f - Posició: (-1, 1)
2026-06-13 22:09:26 info: +++ Moviment 14 guardat - Session: afacdde9-236c-460f-8430-f7c319f38d5f - Posició: (-1, 2)
2026-06-13 22:09:27 info: +++ Moviment 15 guardat - Session: afacdde9-236c-460f-8430-f7c319f38d5f - Posició: (-2, 2)
2026-06-13 22:09:27 info: +++ Moviment 16 guardat - Session: afacdde9-236c-460f-8430-f7c319f38d5f - Posició: (-2, 1)
2026-06-13 22:09:27 info: +++ Moviment 17 guardat - Session: afacdde9-236c-460f-8430-f7c319f38d5f - Posició: (-2, 2)
2026-06-13 22:09:28 info: +++ Moviment 12 guardat - Session: 962abcc0-3588-4e17-bb23-3bd963e6da43 - Posició: (-5, -2)
2026-06-13 22:09:28 info: +++ Moviment 13 guardat - Session: 962abcc0-3588-4e17-bb23-3bd963e6da43 - Posició: (-4, -2)
2026-06-13 22:09:28 info: +++ Moviment 14 guardat - Session: 962abcc0-3588-4e17-bb23-3bd963e6da43 - Posició: (-5, -2)
2026-06-13 22:09:28 info: +++ Moviment 15 guardat - Session: 962abcc0-3588-4e17-bb23-3bd963e6da43 - Posició: (-5, -1)
2026-06-13 22:09:28 info: +++ Moviment 16 guardat - Session: 962abcc0-3588-4e17-bb23-3bd963e6da43 - Posició: (-4, -1)
2026-06-13 22:09:28 info: +++ Moviment 17 guardat - Session: 962abcc0-3588-4e17-bb23-3bd963e6da43 - Posició: (-5, -1)
2026-06-13 22:09:28 info: +++ Moviment 18 guardat - Session: 962abcc0-3588-4e17-bb23-3bd963e6da43 - Posició: (-5, -2)
2026-06-13 22:09:28 info: +++ Moviment 19 guardat - Session: 962abcc0-3588-4e17-bb23-3bd963e6da43 - Posició: (-4, -2)
2026-06-13 22:09:28 info: +++ Moviment 20 guardat - Session: 962abcc0-3588-4e17-bb23-3bd963e6da43 - Posició: (-4, -1)
2026-06-13 22:09:29 info: +++ Moviment 21 guardat - Session: 962abcc0-3588-4e17-bb23-3bd963e6da43 - Posició: (-5, -1)
2026-06-13 22:09:29 info: +++ Moviment 22 guardat - Session: 962abcc0-3588-4e17-bb23-3bd963e6da43 - Posició: (-4, -1)
2026-06-13 22:09:29 info: +++ Moviment 23 guardat - Session: 962abcc0-3588-4e17-bb23-3bd963e6da43 - Posició: (-4, -2)
2026-06-13 22:09:29 info: +++ Moviment 18 guardat - Session: afacdde9-236c-460f-8430-f7c319f38d5f - Posició: (-3, 2)
2026-06-13 22:09:29 info: +++ Moviment 19 guardat - Session: afacdde9-236c-460f-8430-f7c319f38d5f - Posició: (-3, 3)
2026-06-13 22:09:29 info: +++ Moviment 20 guardat - Session: afacdde9-236c-460f-8430-f7c319f38d5f - Posició: (-2, 3)
2026-06-13 22:09:29 info: +++ Moviment 21 guardat - Session: afacdde9-236c-460f-8430-f7c319f38d5f - Posició: (-3, 3)
2026-06-13 22:09:29 info: +++ Moviment 22 guardat - Session: afacdde9-236c-460f-8430-f7c319f38d5f - Posició: (-3, 4)
2026-06-13 22:09:30 info: +++ Moviment 23 guardat - Session: afacdde9-236c-460f-8430-f7c319f38d5f - Posició: (-2, 4)
2026-06-13 22:09:30 info: +++ Moviment 24 guardat - Session: afacdde9-236c-460f-8430-f7c319f38d5f - Posició: (-3, 4)
2026-06-13 22:09:30 info: +++ Moviment 25 guardat - Session: afacdde9-236c-460f-8430-f7c319f38d5f - Posició: (-3, 3)
2026-06-13 22:09:30 info: +++ Moviment 26 guardat - Session: afacdde9-236c-460f-8430-f7c319f38d5f - Posició: (-2, 3)
2026-06-13 22:09:30 info: +++ Moviment 27 guardat - Session: afacdde9-236c-460f-8430-f7c319f38d5f - Posició: (-3, 3)
2026-06-13 22:09:30 info: +++ Moviment 28 guardat - Session: afacdde9-236c-460f-8430-f7c319f38d5f - Posició: (-3, 4)
2026-06-13 22:09:30 info: +++ Moviment 29 guardat - Session: afacdde9-236c-460f-8430-f7c319f38d5f - Posició: (-2, 4)
2026-06-13 22:09:30 info: +++ Moviment 30 guardat - Session: afacdde9-236c-460f-8430-f7c319f38d5f - Posició: (-3, 4)
2026-06-13 22:09:30 info: +++ Moviment 31 guardat - Session: afacdde9-236c-460f-8430-f7c319f38d5f - Posició: (-3, 3)
2026-06-13 22:09:30 info: +++ Moviment 32 guardat - Session: afacdde9-236c-460f-8430-f7c319f38d5f - Posició: (-2, 3)
2026-06-13 22:09:30 info: +++ Moviment 33 guardat - Session: afacdde9-236c-460f-8430-f7c319f38d5f - Posició: (-3, 3)
2026-06-13 22:09:30 info: +++ Moviment 34 guardat - Session: afacdde9-236c-460f-8430-f7c319f38d5f - Posició: (-3, 4)
2026-06-13 22:09:31 info: +++ Moviment 24 guardat - Session: 962abcc0-3588-4e17-bb23-3bd963e6da43 - Posició: (-5, -2)
2026-06-13 22:09:31 info: +++ Moviment 25 guardat - Session: 962abcc0-3588-4e17-bb23-3bd963e6da43 - Posició: (-5, -1)
2026-06-13 22:09:31 info: +++ Moviment 26 guardat - Session: 962abcc0-3588-4e17-bb23-3bd963e6da43 - Posició: (-4, -1)
2026-06-13 22:09:31 info: +++ Moviment 27 guardat - Session: 962abcc0-3588-4e17-bb23-3bd963e6da43 - Posició: (-5, -1)
2026-06-13 22:09:31 info: +++ Moviment 28 guardat - Session: 962abcc0-3588-4e17-bb23-3bd963e6da43 - Posició: (-5, 0)
2026-06-13 22:09:31 info: +++ Moviment 29 guardat - Session: 962abcc0-3588-4e17-bb23-3bd963e6da43 - Posició: (-5, -1)
2026-06-13 22:09:31 info: +++ Moviment 30 guardat - Session: 962abcc0-3588-4e17-bb23-3bd963e6da43 - Posició: (-6, -1)
2026-06-13 22:09:31 info: +++ Moviment 31 guardat - Session: 962abcc0-3588-4e17-bb23-3bd963e6da43 - Posició: (-6, 0)
2026-06-13 22:09:31 info: +++ Moviment 32 guardat - Session: 962abcc0-3588-4e17-bb23-3bd963e6da43 - Posició: (-6, -1)
2026-06-13 22:09:32 info: +++ Moviment 35 guardat - Session: afacdde9-236c-460f-8430-f7c319f38d5f - Posició: (-2, 4)
2026-06-13 22:09:32 info: +++ Moviment 36 guardat - Session: afacdde9-236c-460f-8430-f7c319f38d5f - Posició: (-3, 4)
2026-06-13 22:09:32 info: +++ Moviment 37 guardat - Session: afacdde9-236c-460f-8430-f7c319f38d5f - Posició: (-3, 5)
2026-06-13 22:09:32 info: +++ Moviment 38 guardat - Session: afacdde9-236c-460f-8430-f7c319f38d5f - Posició: (-2, 5)
2026-06-13 22:09:32 info: +++ Moviment 39 guardat - Session: afacdde9-236c-460f-8430-f7c319f38d5f - Posició: (-3, 5)
2026-06-13 22:09:32 info: +++ Moviment 40 guardat - Session: afacdde9-236c-460f-8430-f7c319f38d5f - Posició: (-3, 4)
2026-06-13 22:09:32 info: +++ Moviment 41 guardat - Session: afacdde9-236c-460f-8430-f7c319f38d5f - Posició: (-2, 4)
2026-06-13 22:09:33 info: +++ Moviment 42 guardat - Session: afacdde9-236c-460f-8430-f7c319f38d5f - Posició: (-3, 4)
2026-06-13 22:09:33 info: +++ Moviment 43 guardat - Session: afacdde9-236c-460f-8430-f7c319f38d5f - Posició: (-3, 5)
2026-06-13 22:09:33 info: +++ Moviment 44 guardat - Session: afacdde9-236c-460f-8430-f7c319f38d5f - Posició: (-2, 5)
2026-06-13 22:09:33 info: +++ Moviment 45 guardat - Session: afacdde9-236c-460f-8430-f7c319f38d5f - Posició: (-3, 5)
2026-06-13 22:09:33 info: +++ Moviment 33 guardat - Session: 962abcc0-3588-4e17-bb23-3bd963e6da43 - Posició: (-5, -1)
2026-06-13 22:09:33 info: +++ Moviment 34 guardat - Session: 962abcc0-3588-4e17-bb23-3bd963e6da43 - Posició: (-5, 0)
2026-06-13 22:09:33 info: +++ Moviment 35 guardat - Session: 962abcc0-3588-4e17-bb23-3bd963e6da43 - Posició: (-5, -1)
2026-06-13 22:09:33 info: +++ Moviment 36 guardat - Session: 962abcc0-3588-4e17-bb23-3bd963e6da43 - Posició: (-6, -1)
2026-06-13 22:09:33 info: +++ Moviment 37 guardat - Session: 962abcc0-3588-4e17-bb23-3bd963e6da43 - Posició: (-6, 0)
2026-06-13 22:09:34 info: +++ Moviment 38 guardat - Session: 962abcc0-3588-4e17-bb23-3bd963e6da43 - Posició: (-5, 0)
2026-06-13 22:09:34 info: +++ Moviment 39 guardat - Session: 962abcc0-3588-4e17-bb23-3bd963e6da43 - Posició: (-5, -1)
2026-06-13 22:09:34 info: +++ Moviment 40 guardat - Session: 962abcc0-3588-4e17-bb23-3bd963e6da43 - Posició: (-6, -1)
2026-06-13 22:09:34 info: +++ Moviment 41 guardat - Session: 962abcc0-3588-4e17-bb23-3bd963e6da43 - Posició: (-6, -2)
2026-06-13 22:09:34 info: +++ Moviment 42 guardat - Session: 962abcc0-3588-4e17-bb23-3bd963e6da43 - Posició: (-6, -1)
2026-06-13 22:09:34 info: +++ Moviment 43 guardat - Session: 962abcc0-3588-4e17-bb23-3bd963e6da43 - Posició: (-5, -1)
2026-06-13 22:09:34 info: +++ Moviment 44 guardat - Session: 962abcc0-3588-4e17-bb23-3bd963e6da43 - Posició: (-6, -1)
2026-06-13 22:09:34 info: +++ Moviment 45 guardat - Session: 962abcc0-3588-4e17-bb23-3bd963e6da43 - Posició: (-6, 0)
2026-06-13 22:09:34 info: +++ Moviment 46 guardat - Session: 962abcc0-3588-4e17-bb23-3bd963e6da43 - Posició: (-6, -1)
2026-06-13 22:09:35 info: +++ Moviment 46 guardat - Session: afacdde9-236c-460f-8430-f7c319f38d5f - Posició: (-3, 6)
2026-06-13 22:09:35 info: +++ Moviment 47 guardat - Session: afacdde9-236c-460f-8430-f7c319f38d5f - Posició: (-2, 6)
2026-06-13 22:09:35 info: +++ Moviment 48 guardat - Session: afacdde9-236c-460f-8430-f7c319f38d5f - Posició: (-3, 6)
2026-06-13 22:09:35 info: +++ Moviment 49 guardat - Session: afacdde9-236c-460f-8430-f7c319f38d5f - Posició: (-3, 7)
2026-06-13 22:09:35 info: +++ Moviment 50 guardat - Session: afacdde9-236c-460f-8430-f7c319f38d5f - Posició: (-3, 6)
2026-06-13 22:09:35 info: +++ Moviment 51 guardat - Session: afacdde9-236c-460f-8430-f7c319f38d5f - Posició: (-4, 6)
2026-06-13 22:09:36 info: +++ Moviment 52 guardat - Session: afacdde9-236c-460f-8430-f7c319f38d5f - Posició: (-5, 6)
2026-06-13 22:09:36 info: +++ Moviment 53 guardat - Session: afacdde9-236c-460f-8430-f7c319f38d5f - Posició: (-5, 7)
2026-06-13 22:09:36 info: +++ Moviment 54 guardat - Session: afacdde9-236c-460f-8430-f7c319f38d5f - Posició: (-5, 6)
2026-06-13 22:09:36 info: +++ Moviment 55 guardat - Session: afacdde9-236c-460f-8430-f7c319f38d5f - Posició: (-4, 6)
2026-06-13 22:09:36 info: +++ Moviment 56 guardat - Session: afacdde9-236c-460f-8430-f7c319f38d5f - Posició: (-5, 6)
2026-06-13 22:09:36 info: +++ Moviment 57 guardat - Session: afacdde9-236c-460f-8430-f7c319f38d5f - Posició: (-5, 7)
2026-06-13 22:09:36 info: +++ Moviment 58 guardat - Session: afacdde9-236c-460f-8430-f7c319f38d5f - Posició: (-4, 7)
2026-06-13 22:09:36 info: +++ Moviment 59 guardat - Session: afacdde9-236c-460f-8430-f7c319f38d5f - Posició: (-4, 6)
2026-06-13 22:09:36 info: +++ Moviment 60 guardat - Session: afacdde9-236c-460f-8430-f7c319f38d5f - Posició: (-5, 6)
2026-06-13 22:09:36 info: +++ Moviment 61 guardat - Session: afacdde9-236c-460f-8430-f7c319f38d5f - Posició: (-5, 5)
2026-06-13 22:09:36 info: +++ Moviment 62 guardat - Session: afacdde9-236c-460f-8430-f7c319f38d5f - Posició: (-5, 6)
2026-06-13 22:09:36 info: +++ Moviment 63 guardat - Session: afacdde9-236c-460f-8430-f7c319f38d5f - Posició: (-6, 6)
2026-06-13 22:09:37 info: +++ Moviment 64 guardat - Session: afacdde9-236c-460f-8430-f7c319f38d5f - Posició: (-5, 6)
2026-06-13 22:09:37 info: +++ Moviment 65 guardat - Session: afacdde9-236c-460f-8430-f7c319f38d5f - Posició: (-5, 5)
2026-06-13 22:09:37 info: +++ Moviment 66 guardat - Session: afacdde9-236c-460f-8430-f7c319f38d5f - Posició: (-6, 5)
2026-06-13 22:09:37 info: +++ Moviment 67 guardat - Session: afacdde9-236c-460f-8430-f7c319f38d5f - Posició: (-6, 4)
2026-06-13 22:09:37 info: +++ Moviment 68 guardat - Session: afacdde9-236c-460f-8430-f7c319f38d5f - Posició: (-5, 4)
2026-06-13 22:09:37 info: +++ Moviment 69 guardat - Session: afacdde9-236c-460f-8430-f7c319f38d5f - Posició: (-6, 4)
2026-06-13 22:09:37 info: +++ Moviment 70 guardat - Session: afacdde9-236c-460f-8430-f7c319f38d5f - Posició: (-6, 5)
2026-06-13 22:09:37 info: +++ Moviment 71 guardat - Session: afacdde9-236c-460f-8430-f7c319f38d5f - Posició: (-6, 4)
2026-06-13 22:09:38 info: +++ Moviment 72 guardat - Session: afacdde9-236c-460f-8430-f7c319f38d5f - Posició: (-6, 3)
2026-06-13 22:09:38 info: +++ Moviment 73 guardat - Session: afacdde9-236c-460f-8430-f7c319f38d5f - Posició: (-7, 3)
2026-06-13 22:09:38 info: +++ Moviment 74 guardat - Session: afacdde9-236c-460f-8430-f7c319f38d5f - Posició: (-6, 3)
2026-06-13 22:09:38 info: +++ Moviment 47 guardat - Session: 962abcc0-3588-4e17-bb23-3bd963e6da43 - Posició: (-5, -1)
2026-06-13 22:09:38 info: +++ Moviment 48 guardat - Session: 962abcc0-3588-4e17-bb23-3bd963e6da43 - Posició: (-5, -2)
2026-06-13 22:09:38 info: +++ Moviment 49 guardat - Session: 962abcc0-3588-4e17-bb23-3bd963e6da43 - Posició: (-5, -1)
2026-06-13 22:09:38 info: +++ Moviment 50 guardat - Session: 962abcc0-3588-4e17-bb23-3bd963e6da43 - Posició: (-4, -1)
2026-06-13 22:09:38 info: +++ Moviment 51 guardat - Session: 962abcc0-3588-4e17-bb23-3bd963e6da43 - Posició: (-4, -2)
2026-06-13 22:09:39 info: +++ Moviment 52 guardat - Session: 962abcc0-3588-4e17-bb23-3bd963e6da43 - Posició: (-3, -2)
2026-06-13 22:09:39 info: +++ Moviment 53 guardat - Session: 962abcc0-3588-4e17-bb23-3bd963e6da43 - Posició: (-3, -1)
2026-06-13 22:09:39 info: +++ Moviment 54 guardat - Session: 962abcc0-3588-4e17-bb23-3bd963e6da43 - Posició: (-4, -1)
2026-06-13 22:09:39 info: +++ Moviment 55 guardat - Session: 962abcc0-3588-4e17-bb23-3bd963e6da43 - Posició: (-4, -2)
2026-06-13 22:09:39 info: +++ Moviment 56 guardat - Session: 962abcc0-3588-4e17-bb23-3bd963e6da43 - Posició: (-3, -2)
2026-06-13 22:09:39 info: +++ Moviment 57 guardat - Session: 962abcc0-3588-4e17-bb23-3bd963e6da43 - Posició: (-3, -3)
2026-06-13 22:09:39 info: +++ Moviment 58 guardat - Session: 962abcc0-3588-4e17-bb23-3bd963e6da43 - Posició: (-3, -2)
2026-06-13 22:09:40 info: +++ Moviment 59 guardat - Session: 962abcc0-3588-4e17-bb23-3bd963e6da43 - Posició: (-3, -3)
2026-06-13 22:09:48 info: Timeout activat per sessió: afacdde9-236c-460f-8430-f7c319f38d5f
2026-06-13 22:09:48 info: === Partida finalitzada === 
2026-06-13 22:09:48 info:  SessionID: afacdde9-236c-460f-8430-f7c319f38d5f
2026-06-13 22:09:48 info:  Raó: inactivity_timeout
2026-06-13 22:09:48 info:  Distància: 6.71
2026-06-13 22:09:48 info:  Moviments: 74
2026-06-13 22:09:48 info:  Durada: 29809ms
2026-06-13 22:09:50 info: Timeout activat per sessió: 962abcc0-3588-4e17-bb23-3bd963e6da43
2026-06-13 22:09:50 info: === Partida finalitzada === 
2026-06-13 22:09:50 info:  SessionID: 962abcc0-3588-4e17-bb23-3bd963e6da43
2026-06-13 22:09:50 info:  Raó: inactivity_timeout
2026-06-13 22:09:50 info:  Distància: 4.24
2026-06-13 22:09:50 info:  Moviments: 59
2026-06-13 22:09:50 info:  Durada: 33723ms
2026-06-13 22:10:02 info: +++ Nova partida iniciada - Session: 8f710ff7-08b6-4661-9699-30a1a1362514, Player: player_498, Posició inicial: (0, 0)
2026-06-13 22:10:02 info: +++ Moviment 1 guardat - Session: 8f710ff7-08b6-4661-9699-30a1a1362514 - Posició: (0, 0)
2026-06-13 22:10:04 info: +++ Moviment 2 guardat - Session: 8f710ff7-08b6-4661-9699-30a1a1362514 - Posició: (1, 0)
2026-06-13 22:10:04 info: +++ Moviment 3 guardat - Session: 8f710ff7-08b6-4661-9699-30a1a1362514 - Posició: (2, 0)
2026-06-13 22:10:04 info: +++ Moviment 4 guardat - Session: 8f710ff7-08b6-4661-9699-30a1a1362514 - Posició: (3, 0)
2026-06-13 22:10:04 info: +++ Moviment 5 guardat - Session: 8f710ff7-08b6-4661-9699-30a1a1362514 - Posició: (4, 0)
2026-06-13 22:10:04 info: +++ Moviment 6 guardat - Session: 8f710ff7-08b6-4661-9699-30a1a1362514 - Posició: (5, 0)
2026-06-13 22:10:04 info: +++ Moviment 7 guardat - Session: 8f710ff7-08b6-4661-9699-30a1a1362514 - Posició: (6, 0)
2026-06-13 22:10:04 info: +++ Moviment 8 guardat - Session: 8f710ff7-08b6-4661-9699-30a1a1362514 - Posició: (7, 0)
2026-06-13 22:10:04 info: +++ Moviment 9 guardat - Session: 8f710ff7-08b6-4661-9699-30a1a1362514 - Posició: (8, 0)
2026-06-13 22:10:05 info: +++ Moviment 10 guardat - Session: 8f710ff7-08b6-4661-9699-30a1a1362514 - Posició: (9, 0)
2026-06-13 22:10:05 info: +++ Moviment 11 guardat - Session: 8f710ff7-08b6-4661-9699-30a1a1362514 - Posició: (10, 0)
2026-06-13 22:10:05 info: +++ Moviment 12 guardat - Session: 8f710ff7-08b6-4661-9699-30a1a1362514 - Posició: (11, 0)
2026-06-13 22:10:05 info: +++ Moviment 13 guardat - Session: 8f710ff7-08b6-4661-9699-30a1a1362514 - Posició: (12, 0)
2026-06-13 22:10:05 info: +++ Moviment 14 guardat - Session: 8f710ff7-08b6-4661-9699-30a1a1362514 - Posició: (13, 0)
2026-06-13 22:10:05 info: +++ Moviment 15 guardat - Session: 8f710ff7-08b6-4661-9699-30a1a1362514 - Posició: (14, 0)
2026-06-13 22:10:05 info: +++ Moviment 16 guardat - Session: 8f710ff7-08b6-4661-9699-30a1a1362514 - Posició: (15, 0)
2026-06-13 22:10:05 info: +++ Moviment 17 guardat - Session: 8f710ff7-08b6-4661-9699-30a1a1362514 - Posició: (16, 0)
2026-06-13 22:10:05 info: +++ Moviment 18 guardat - Session: 8f710ff7-08b6-4661-9699-30a1a1362514 - Posició: (17, 0)
2026-06-13 22:10:05 info: +++ Moviment 19 guardat - Session: 8f710ff7-08b6-4661-9699-30a1a1362514 - Posició: (18, 0)
2026-06-13 22:10:05 info: +++ Moviment 20 guardat - Session: 8f710ff7-08b6-4661-9699-30a1a1362514 - Posició: (19, 0)
2026-06-13 22:10:05 info: +++ Moviment 21 guardat - Session: 8f710ff7-08b6-4661-9699-30a1a1362514 - Posició: (20, 0)
2026-06-13 22:10:05 info: +++ Moviment 22 guardat - Session: 8f710ff7-08b6-4661-9699-30a1a1362514 - Posició: (21, 0)
2026-06-13 22:10:05 info: +++ Moviment 23 guardat - Session: 8f710ff7-08b6-4661-9699-30a1a1362514 - Posició: (22, 0)
2026-06-13 22:10:05 info: +++ Moviment 24 guardat - Session: 8f710ff7-08b6-4661-9699-30a1a1362514 - Posició: (23, 0)
2026-06-13 22:10:05 info: +++ Moviment 25 guardat - Session: 8f710ff7-08b6-4661-9699-30a1a1362514 - Posició: (24, 0)
2026-06-13 22:10:05 info: +++ Moviment 26 guardat - Session: 8f710ff7-08b6-4661-9699-30a1a1362514 - Posició: (25, 0)
2026-06-13 22:10:05 info: +++ Moviment 27 guardat - Session: 8f710ff7-08b6-4661-9699-30a1a1362514 - Posició: (26, 0)
2026-06-13 22:10:05 info: +++ Moviment 28 guardat - Session: 8f710ff7-08b6-4661-9699-30a1a1362514 - Posició: (27, 0)
2026-06-13 22:10:05 info: +++ Moviment 29 guardat - Session: 8f710ff7-08b6-4661-9699-30a1a1362514 - Posició: (28, 0)
2026-06-13 22:10:05 info: +++ Moviment 30 guardat - Session: 8f710ff7-08b6-4661-9699-30a1a1362514 - Posició: (29, 0)
2026-06-13 22:10:05 info: +++ Moviment 31 guardat - Session: 8f710ff7-08b6-4661-9699-30a1a1362514 - Posició: (30, 0)
2026-06-13 22:10:05 info: +++ Moviment 32 guardat - Session: 8f710ff7-08b6-4661-9699-30a1a1362514 - Posició: (31, 0)
2026-06-13 22:10:05 info: +++ Moviment 33 guardat - Session: 8f710ff7-08b6-4661-9699-30a1a1362514 - Posició: (32, 0)
2026-06-13 22:10:05 info: +++ Moviment 34 guardat - Session: 8f710ff7-08b6-4661-9699-30a1a1362514 - Posició: (33, 0)
2026-06-13 22:10:05 info: +++ Moviment 35 guardat - Session: 8f710ff7-08b6-4661-9699-30a1a1362514 - Posició: (34, 0)
2026-06-13 22:10:05 info: +++ Moviment 36 guardat - Session: 8f710ff7-08b6-4661-9699-30a1a1362514 - Posició: (35, 0)
2026-06-13 22:10:05 info: +++ Moviment 37 guardat - Session: 8f710ff7-08b6-4661-9699-30a1a1362514 - Posició: (36, 0)
2026-06-13 22:10:05 info: +++ Moviment 38 guardat - Session: 8f710ff7-08b6-4661-9699-30a1a1362514 - Posició: (37, 0)
2026-06-13 22:10:05 info: +++ Moviment 39 guardat - Session: 8f710ff7-08b6-4661-9699-30a1a1362514 - Posició: (38, 0)
2026-06-13 22:10:05 info: +++ Moviment 40 guardat - Session: 8f710ff7-08b6-4661-9699-30a1a1362514 - Posició: (39, 0)
2026-06-13 22:10:05 info: +++ Moviment 41 guardat - Session: 8f710ff7-08b6-4661-9699-30a1a1362514 - Posició: (40, 0)
2026-06-13 22:10:05 info: +++ Moviment 42 guardat - Session: 8f710ff7-08b6-4661-9699-30a1a1362514 - Posició: (41, 0)
2026-06-13 22:10:06 info: +++ Moviment 43 guardat - Session: 8f710ff7-08b6-4661-9699-30a1a1362514 - Posició: (42, 0)
2026-06-13 22:10:06 info: +++ Moviment 44 guardat - Session: 8f710ff7-08b6-4661-9699-30a1a1362514 - Posició: (43, 0)
2026-06-13 22:10:06 info: +++ Moviment 45 guardat - Session: 8f710ff7-08b6-4661-9699-30a1a1362514 - Posició: (44, 0)
2026-06-13 22:10:06 info: +++ Moviment 46 guardat - Session: 8f710ff7-08b6-4661-9699-30a1a1362514 - Posició: (45, 0)
2026-06-13 22:10:06 info: +++ Moviment 47 guardat - Session: 8f710ff7-08b6-4661-9699-30a1a1362514 - Posició: (46, 0)
2026-06-13 22:10:06 info: +++ Moviment 48 guardat - Session: 8f710ff7-08b6-4661-9699-30a1a1362514 - Posició: (47, 0)
2026-06-13 22:10:06 info: +++ Moviment 49 guardat - Session: 8f710ff7-08b6-4661-9699-30a1a1362514 - Posició: (48, 0)
2026-06-13 22:10:06 info: +++ Moviment 50 guardat - Session: 8f710ff7-08b6-4661-9699-30a1a1362514 - Posició: (49, 0)
2026-06-13 22:10:06 info: +++ Moviment 51 guardat - Session: 8f710ff7-08b6-4661-9699-30a1a1362514 - Posició: (50, 0)
2026-06-13 22:10:06 info: +++ Moviment 52 guardat - Session: 8f710ff7-08b6-4661-9699-30a1a1362514 - Posició: (51, 0)
2026-06-13 22:10:06 info: +++ Moviment 53 guardat - Session: 8f710ff7-08b6-4661-9699-30a1a1362514 - Posició: (52, 0)
2026-06-13 22:10:06 info: +++ Moviment 54 guardat - Session: 8f710ff7-08b6-4661-9699-30a1a1362514 - Posició: (53, 0)
2026-06-13 22:10:06 info: +++ Moviment 55 guardat - Session: 8f710ff7-08b6-4661-9699-30a1a1362514 - Posició: (54, 0)
2026-06-13 22:10:06 info: +++ Moviment 56 guardat - Session: 8f710ff7-08b6-4661-9699-30a1a1362514 - Posició: (55, 0)
2026-06-13 22:10:06 info: +++ Moviment 57 guardat - Session: 8f710ff7-08b6-4661-9699-30a1a1362514 - Posició: (56, 0)
2026-06-13 22:10:06 info: +++ Moviment 58 guardat - Session: 8f710ff7-08b6-4661-9699-30a1a1362514 - Posició: (57, 0)
2026-06-13 22:10:06 info: +++ Moviment 59 guardat - Session: 8f710ff7-08b6-4661-9699-30a1a1362514 - Posició: (58, 0)
2026-06-13 22:10:06 info: +++ Moviment 60 guardat - Session: 8f710ff7-08b6-4661-9699-30a1a1362514 - Posició: (59, 0)
2026-06-13 22:10:06 info: +++ Moviment 61 guardat - Session: 8f710ff7-08b6-4661-9699-30a1a1362514 - Posició: (60, 0)
2026-06-13 22:10:06 info: +++ Moviment 62 guardat - Session: 8f710ff7-08b6-4661-9699-30a1a1362514 - Posició: (61, 0)
2026-06-13 22:10:06 info: +++ Moviment 63 guardat - Session: 8f710ff7-08b6-4661-9699-30a1a1362514 - Posició: (62, 0)
2026-06-13 22:10:06 info: +++ Moviment 64 guardat - Session: 8f710ff7-08b6-4661-9699-30a1a1362514 - Posició: (63, 0)
2026-06-13 22:10:06 info: +++ Moviment 65 guardat - Session: 8f710ff7-08b6-4661-9699-30a1a1362514 - Posició: (64, 0)
2026-06-13 22:10:06 info: +++ Moviment 66 guardat - Session: 8f710ff7-08b6-4661-9699-30a1a1362514 - Posició: (65, 0)
2026-06-13 22:10:06 info: +++ Moviment 67 guardat - Session: 8f710ff7-08b6-4661-9699-30a1a1362514 - Posició: (66, 0)
2026-06-13 22:10:06 info: +++ Moviment 68 guardat - Session: 8f710ff7-08b6-4661-9699-30a1a1362514 - Posició: (67, 0)
2026-06-13 22:10:06 info: +++ Moviment 69 guardat - Session: 8f710ff7-08b6-4661-9699-30a1a1362514 - Posició: (68, 0)
2026-06-13 22:10:06 info: +++ Moviment 70 guardat - Session: 8f710ff7-08b6-4661-9699-30a1a1362514 - Posició: (69, 0)
2026-06-13 22:10:06 info: +++ Moviment 71 guardat - Session: 8f710ff7-08b6-4661-9699-30a1a1362514 - Posició: (70, 0)
2026-06-13 22:10:06 info: +++ Moviment 72 guardat - Session: 8f710ff7-08b6-4661-9699-30a1a1362514 - Posició: (71, 0)
2026-06-13 22:10:06 info: +++ Moviment 73 guardat - Session: 8f710ff7-08b6-4661-9699-30a1a1362514 - Posició: (72, 0)
2026-06-13 22:10:06 info: +++ Moviment 74 guardat - Session: 8f710ff7-08b6-4661-9699-30a1a1362514 - Posició: (73, 0)
2026-06-13 22:10:06 info: +++ Moviment 75 guardat - Session: 8f710ff7-08b6-4661-9699-30a1a1362514 - Posició: (74, 0)
2026-06-13 22:10:07 info: +++ Moviment 76 guardat - Session: 8f710ff7-08b6-4661-9699-30a1a1362514 - Posició: (75, 0)
2026-06-13 22:10:07 info: +++ Moviment 77 guardat - Session: 8f710ff7-08b6-4661-9699-30a1a1362514 - Posició: (76, 0)
2026-06-13 22:10:07 info: +++ Moviment 78 guardat - Session: 8f710ff7-08b6-4661-9699-30a1a1362514 - Posició: (77, 0)
2026-06-13 22:10:07 info: +++ Moviment 79 guardat - Session: 8f710ff7-08b6-4661-9699-30a1a1362514 - Posició: (78, 0)
2026-06-13 22:10:07 info: +++ Moviment 80 guardat - Session: 8f710ff7-08b6-4661-9699-30a1a1362514 - Posició: (79, 0)
2026-06-13 22:10:07 info: +++ Moviment 81 guardat - Session: 8f710ff7-08b6-4661-9699-30a1a1362514 - Posició: (80, 0)
2026-06-13 22:10:07 info: +++ Moviment 82 guardat - Session: 8f710ff7-08b6-4661-9699-30a1a1362514 - Posició: (81, 0)
2026-06-13 22:10:07 info: +++ Moviment 83 guardat - Session: 8f710ff7-08b6-4661-9699-30a1a1362514 - Posició: (82, 0)
2026-06-13 22:10:07 info: +++ Moviment 84 guardat - Session: 8f710ff7-08b6-4661-9699-30a1a1362514 - Posició: (83, 0)
2026-06-13 22:10:07 info: +++ Moviment 85 guardat - Session: 8f710ff7-08b6-4661-9699-30a1a1362514 - Posició: (84, 0)
2026-06-13 22:10:07 info: +++ Moviment 86 guardat - Session: 8f710ff7-08b6-4661-9699-30a1a1362514 - Posició: (85, 0)
2026-06-13 22:10:07 info: +++ Moviment 87 guardat - Session: 8f710ff7-08b6-4661-9699-30a1a1362514 - Posició: (86, 0)
2026-06-13 22:10:07 info: +++ Moviment 88 guardat - Session: 8f710ff7-08b6-4661-9699-30a1a1362514 - Posició: (87, 0)
2026-06-13 22:10:07 info: +++ Moviment 89 guardat - Session: 8f710ff7-08b6-4661-9699-30a1a1362514 - Posició: (88, 0)
2026-06-13 22:10:07 info: +++ Moviment 90 guardat - Session: 8f710ff7-08b6-4661-9699-30a1a1362514 - Posició: (89, 0)
2026-06-13 22:10:07 info: +++ Moviment 91 guardat - Session: 8f710ff7-08b6-4661-9699-30a1a1362514 - Posició: (90, 0)
2026-06-13 22:10:07 info: +++ Moviment 92 guardat - Session: 8f710ff7-08b6-4661-9699-30a1a1362514 - Posició: (91, 0)
2026-06-13 22:10:07 info: +++ Moviment 93 guardat - Session: 8f710ff7-08b6-4661-9699-30a1a1362514 - Posició: (92, 0)
2026-06-13 22:10:07 info: +++ Moviment 94 guardat - Session: 8f710ff7-08b6-4661-9699-30a1a1362514 - Posició: (93, 0)
2026-06-13 22:10:07 info: +++ Moviment 95 guardat - Session: 8f710ff7-08b6-4661-9699-30a1a1362514 - Posició: (94, 0)
2026-06-13 22:10:07 info: +++ Moviment 96 guardat - Session: 8f710ff7-08b6-4661-9699-30a1a1362514 - Posició: (95, 0)
2026-06-13 22:10:07 info: +++ Moviment 97 guardat - Session: 8f710ff7-08b6-4661-9699-30a1a1362514 - Posició: (96, 0)
2026-06-13 22:10:07 info: +++ Moviment 98 guardat - Session: 8f710ff7-08b6-4661-9699-30a1a1362514 - Posició: (97, 0)
2026-06-13 22:10:07 info: +++ Moviment 99 guardat - Session: 8f710ff7-08b6-4661-9699-30a1a1362514 - Posició: (98, 0)
2026-06-13 22:10:07 info: +++ Moviment 100 guardat - Session: 8f710ff7-08b6-4661-9699-30a1a1362514 - Posició: (99, 0)
2026-06-13 22:10:07 info: +++ Moviment 101 guardat - Session: 8f710ff7-08b6-4661-9699-30a1a1362514 - Posició: (100, 0)
2026-06-13 22:10:07 info: +++ Moviment 102 guardat - Session: 8f710ff7-08b6-4661-9699-30a1a1362514 - Posició: (101, 0)
2026-06-13 22:10:07 info: +++ Moviment 103 guardat - Session: 8f710ff7-08b6-4661-9699-30a1a1362514 - Posició: (102, 0)
2026-06-13 22:10:07 info: +++ Moviment 104 guardat - Session: 8f710ff7-08b6-4661-9699-30a1a1362514 - Posició: (103, 0)
2026-06-13 22:10:07 info: +++ Moviment 105 guardat - Session: 8f710ff7-08b6-4661-9699-30a1a1362514 - Posició: (104, 0)
2026-06-13 22:10:07 info: +++ Moviment 106 guardat - Session: 8f710ff7-08b6-4661-9699-30a1a1362514 - Posició: (105, 0)
2026-06-13 22:10:07 info: +++ Moviment 107 guardat - Session: 8f710ff7-08b6-4661-9699-30a1a1362514 - Posició: (106, 0)
2026-06-13 22:10:07 info: +++ Moviment 108 guardat - Session: 8f710ff7-08b6-4661-9699-30a1a1362514 - Posició: (107, 0)
2026-06-13 22:10:08 info: +++ Moviment 109 guardat - Session: 8f710ff7-08b6-4661-9699-30a1a1362514 - Posició: (108, 0)
2026-06-13 22:10:08 info: +++ Moviment 110 guardat - Session: 8f710ff7-08b6-4661-9699-30a1a1362514 - Posició: (109, 0)
2026-06-13 22:10:08 info: +++ Moviment 111 guardat - Session: 8f710ff7-08b6-4661-9699-30a1a1362514 - Posició: (110, 0)
2026-06-13 22:10:08 info: +++ Moviment 112 guardat - Session: 8f710ff7-08b6-4661-9699-30a1a1362514 - Posició: (111, 0)
2026-06-13 22:10:08 info: +++ Moviment 113 guardat - Session: 8f710ff7-08b6-4661-9699-30a1a1362514 - Posició: (112, 0)
2026-06-13 22:10:08 info: +++ Moviment 114 guardat - Session: 8f710ff7-08b6-4661-9699-30a1a1362514 - Posició: (113, 0)
2026-06-13 22:10:08 info: +++ Moviment 115 guardat - Session: 8f710ff7-08b6-4661-9699-30a1a1362514 - Posició: (114, 0)
2026-06-13 22:10:08 info: +++ Moviment 116 guardat - Session: 8f710ff7-08b6-4661-9699-30a1a1362514 - Posició: (115, 0)
2026-06-13 22:10:08 info: +++ Moviment 117 guardat - Session: 8f710ff7-08b6-4661-9699-30a1a1362514 - Posició: (116, 0)
2026-06-13 22:10:08 info: +++ Moviment 118 guardat - Session: 8f710ff7-08b6-4661-9699-30a1a1362514 - Posició: (117, 0)
2026-06-13 22:10:08 info: +++ Moviment 119 guardat - Session: 8f710ff7-08b6-4661-9699-30a1a1362514 - Posició: (118, 0)
2026-06-13 22:10:08 info: +++ Moviment 120 guardat - Session: 8f710ff7-08b6-4661-9699-30a1a1362514 - Posició: (119, 0)
2026-06-13 22:10:08 info: +++ Moviment 121 guardat - Session: 8f710ff7-08b6-4661-9699-30a1a1362514 - Posició: (120, 0)
2026-06-13 22:10:08 info: +++ Moviment 122 guardat - Session: 8f710ff7-08b6-4661-9699-30a1a1362514 - Posició: (121, 0)
2026-06-13 22:10:08 info: +++ Moviment 123 guardat - Session: 8f710ff7-08b6-4661-9699-30a1a1362514 - Posició: (122, 0)
2026-06-13 22:10:08 info: +++ Moviment 124 guardat - Session: 8f710ff7-08b6-4661-9699-30a1a1362514 - Posició: (123, 0)
2026-06-13 22:10:08 info: +++ Moviment 125 guardat - Session: 8f710ff7-08b6-4661-9699-30a1a1362514 - Posició: (124, 0)
2026-06-13 22:10:08 info: +++ Moviment 126 guardat - Session: 8f710ff7-08b6-4661-9699-30a1a1362514 - Posició: (125, 0)
2026-06-13 22:10:08 info: +++ Moviment 127 guardat - Session: 8f710ff7-08b6-4661-9699-30a1a1362514 - Posició: (126, 0)
2026-06-13 22:10:08 info: +++ Moviment 128 guardat - Session: 8f710ff7-08b6-4661-9699-30a1a1362514 - Posició: (127, 0)
2026-06-13 22:10:08 info: +++ Moviment 129 guardat - Session: 8f710ff7-08b6-4661-9699-30a1a1362514 - Posició: (128, 0)
2026-06-13 22:10:08 info: +++ Moviment 130 guardat - Session: 8f710ff7-08b6-4661-9699-30a1a1362514 - Posició: (129, 0)
2026-06-13 22:10:08 info: +++ Moviment 131 guardat - Session: 8f710ff7-08b6-4661-9699-30a1a1362514 - Posició: (130, 0)
2026-06-13 22:10:08 info: +++ Moviment 132 guardat - Session: 8f710ff7-08b6-4661-9699-30a1a1362514 - Posició: (131, 0)
2026-06-13 22:10:08 info: +++ Moviment 133 guardat - Session: 8f710ff7-08b6-4661-9699-30a1a1362514 - Posició: (132, 0)
2026-06-13 22:10:08 info: +++ Moviment 134 guardat - Session: 8f710ff7-08b6-4661-9699-30a1a1362514 - Posició: (133, 0)
2026-06-13 22:10:08 info: +++ Moviment 135 guardat - Session: 8f710ff7-08b6-4661-9699-30a1a1362514 - Posició: (134, 0)
2026-06-13 22:10:08 info: +++ Moviment 136 guardat - Session: 8f710ff7-08b6-4661-9699-30a1a1362514 - Posició: (135, 0)
2026-06-13 22:10:08 info: +++ Moviment 137 guardat - Session: 8f710ff7-08b6-4661-9699-30a1a1362514 - Posició: (136, 0)
2026-06-13 22:10:08 info: +++ Moviment 138 guardat - Session: 8f710ff7-08b6-4661-9699-30a1a1362514 - Posició: (137, 0)
2026-06-13 22:10:08 info: +++ Moviment 139 guardat - Session: 8f710ff7-08b6-4661-9699-30a1a1362514 - Posició: (138, 0)
2026-06-13 22:10:08 info: +++ Moviment 140 guardat - Session: 8f710ff7-08b6-4661-9699-30a1a1362514 - Posició: (139, 0)
2026-06-13 22:10:08 info: +++ Moviment 141 guardat - Session: 8f710ff7-08b6-4661-9699-30a1a1362514 - Posició: (140, 0)
2026-06-13 22:10:08 info: +++ Moviment 142 guardat - Session: 8f710ff7-08b6-4661-9699-30a1a1362514 - Posició: (141, 0)
2026-06-13 22:10:09 info: +++ Moviment 143 guardat - Session: 8f710ff7-08b6-4661-9699-30a1a1362514 - Posició: (142, 0)
2026-06-13 22:10:09 info: +++ Moviment 144 guardat - Session: 8f710ff7-08b6-4661-9699-30a1a1362514 - Posició: (143, 0)
2026-06-13 22:10:09 info: +++ Moviment 145 guardat - Session: 8f710ff7-08b6-4661-9699-30a1a1362514 - Posició: (144, 0)
2026-06-13 22:10:09 info: +++ Moviment 146 guardat - Session: 8f710ff7-08b6-4661-9699-30a1a1362514 - Posició: (145, 0)
2026-06-13 22:10:09 info: +++ Moviment 147 guardat - Session: 8f710ff7-08b6-4661-9699-30a1a1362514 - Posició: (146, 0)
2026-06-13 22:10:09 info: +++ Moviment 148 guardat - Session: 8f710ff7-08b6-4661-9699-30a1a1362514 - Posició: (147, 0)
2026-06-13 22:10:09 info: +++ Moviment 149 guardat - Session: 8f710ff7-08b6-4661-9699-30a1a1362514 - Posició: (148, 0)
2026-06-13 22:10:09 info: +++ Moviment 150 guardat - Session: 8f710ff7-08b6-4661-9699-30a1a1362514 - Posició: (149, 0)
2026-06-13 22:10:09 info: +++ Moviment 151 guardat - Session: 8f710ff7-08b6-4661-9699-30a1a1362514 - Posició: (150, 0)
2026-06-13 22:10:09 info: +++ Moviment 152 guardat - Session: 8f710ff7-08b6-4661-9699-30a1a1362514 - Posició: (151, 0)
2026-06-13 22:10:09 info: +++ Moviment 153 guardat - Session: 8f710ff7-08b6-4661-9699-30a1a1362514 - Posició: (152, 0)
2026-06-13 22:10:09 info: +++ Moviment 154 guardat - Session: 8f710ff7-08b6-4661-9699-30a1a1362514 - Posició: (153, 0)
2026-06-13 22:10:09 info: +++ Moviment 155 guardat - Session: 8f710ff7-08b6-4661-9699-30a1a1362514 - Posició: (154, 0)
2026-06-13 22:10:09 info: +++ Moviment 156 guardat - Session: 8f710ff7-08b6-4661-9699-30a1a1362514 - Posició: (155, 0)
2026-06-13 22:10:09 info: +++ Moviment 157 guardat - Session: 8f710ff7-08b6-4661-9699-30a1a1362514 - Posició: (156, 0)
2026-06-13 22:10:09 info: +++ Moviment 158 guardat - Session: 8f710ff7-08b6-4661-9699-30a1a1362514 - Posició: (157, 0)
2026-06-13 22:10:09 info: +++ Moviment 159 guardat - Session: 8f710ff7-08b6-4661-9699-30a1a1362514 - Posició: (158, 0)
2026-06-13 22:10:09 info: +++ Moviment 160 guardat - Session: 8f710ff7-08b6-4661-9699-30a1a1362514 - Posició: (159, 0)
2026-06-13 22:10:09 info: +++ Moviment 161 guardat - Session: 8f710ff7-08b6-4661-9699-30a1a1362514 - Posició: (160, 0)
2026-06-13 22:10:09 info: +++ Moviment 162 guardat - Session: 8f710ff7-08b6-4661-9699-30a1a1362514 - Posició: (161, 0)
2026-06-13 22:10:09 info: +++ Moviment 163 guardat - Session: 8f710ff7-08b6-4661-9699-30a1a1362514 - Posició: (162, 0)
2026-06-13 22:10:09 info: +++ Moviment 164 guardat - Session: 8f710ff7-08b6-4661-9699-30a1a1362514 - Posició: (163, 0)
2026-06-13 22:10:09 info: +++ Moviment 165 guardat - Session: 8f710ff7-08b6-4661-9699-30a1a1362514 - Posició: (164, 0)
2026-06-13 22:10:09 info: +++ Moviment 166 guardat - Session: 8f710ff7-08b6-4661-9699-30a1a1362514 - Posició: (165, 0)
2026-06-13 22:10:09 info: +++ Moviment 167 guardat - Session: 8f710ff7-08b6-4661-9699-30a1a1362514 - Posició: (166, 0)
2026-06-13 22:10:09 info: +++ Moviment 168 guardat - Session: 8f710ff7-08b6-4661-9699-30a1a1362514 - Posició: (167, 0)
2026-06-13 22:10:09 info: +++ Moviment 169 guardat - Session: 8f710ff7-08b6-4661-9699-30a1a1362514 - Posició: (168, 0)
2026-06-13 22:10:09 info: +++ Moviment 170 guardat - Session: 8f710ff7-08b6-4661-9699-30a1a1362514 - Posició: (169, 0)
2026-06-13 22:10:09 info: +++ Moviment 171 guardat - Session: 8f710ff7-08b6-4661-9699-30a1a1362514 - Posició: (170, 0)
2026-06-13 22:10:09 info: +++ Moviment 172 guardat - Session: 8f710ff7-08b6-4661-9699-30a1a1362514 - Posició: (171, 0)
2026-06-13 22:10:09 info: +++ Moviment 173 guardat - Session: 8f710ff7-08b6-4661-9699-30a1a1362514 - Posició: (172, 0)
2026-06-13 22:10:09 info: +++ Moviment 174 guardat - Session: 8f710ff7-08b6-4661-9699-30a1a1362514 - Posició: (172, 1)
2026-06-13 22:10:10 info: +++ Moviment 175 guardat - Session: 8f710ff7-08b6-4661-9699-30a1a1362514 - Posició: (172, 2)
2026-06-13 22:10:10 info: +++ Moviment 176 guardat - Session: 8f710ff7-08b6-4661-9699-30a1a1362514 - Posició: (172, 3)
2026-06-13 22:10:10 info: +++ Moviment 177 guardat - Session: 8f710ff7-08b6-4661-9699-30a1a1362514 - Posició: (172, 4)
2026-06-13 22:10:10 info: +++ Moviment 178 guardat - Session: 8f710ff7-08b6-4661-9699-30a1a1362514 - Posició: (172, 5)
2026-06-13 22:10:10 info: +++ Moviment 179 guardat - Session: 8f710ff7-08b6-4661-9699-30a1a1362514 - Posició: (172, 6)
2026-06-13 22:10:10 info: +++ Moviment 180 guardat - Session: 8f710ff7-08b6-4661-9699-30a1a1362514 - Posició: (172, 7)
2026-06-13 22:10:10 info: +++ Moviment 181 guardat - Session: 8f710ff7-08b6-4661-9699-30a1a1362514 - Posició: (172, 8)
2026-06-13 22:10:10 info: +++ Moviment 182 guardat - Session: 8f710ff7-08b6-4661-9699-30a1a1362514 - Posició: (172, 9)
2026-06-13 22:10:10 info: +++ Moviment 183 guardat - Session: 8f710ff7-08b6-4661-9699-30a1a1362514 - Posició: (172, 10)
2026-06-13 22:10:10 info: +++ Moviment 184 guardat - Session: 8f710ff7-08b6-4661-9699-30a1a1362514 - Posició: (172, 11)
2026-06-13 22:10:10 info: +++ Moviment 185 guardat - Session: 8f710ff7-08b6-4661-9699-30a1a1362514 - Posició: (172, 12)
2026-06-13 22:10:10 info: +++ Moviment 186 guardat - Session: 8f710ff7-08b6-4661-9699-30a1a1362514 - Posició: (172, 13)
2026-06-13 22:10:10 info: +++ Moviment 187 guardat - Session: 8f710ff7-08b6-4661-9699-30a1a1362514 - Posició: (172, 14)
2026-06-13 22:10:10 info: +++ Moviment 188 guardat - Session: 8f710ff7-08b6-4661-9699-30a1a1362514 - Posició: (172, 15)
2026-06-13 22:10:10 info: +++ Moviment 189 guardat - Session: 8f710ff7-08b6-4661-9699-30a1a1362514 - Posició: (172, 16)
2026-06-13 22:10:10 info: +++ Moviment 190 guardat - Session: 8f710ff7-08b6-4661-9699-30a1a1362514 - Posició: (172, 17)
2026-06-13 22:10:10 info: +++ Moviment 191 guardat - Session: 8f710ff7-08b6-4661-9699-30a1a1362514 - Posició: (172, 18)
2026-06-13 22:10:10 info: +++ Moviment 192 guardat - Session: 8f710ff7-08b6-4661-9699-30a1a1362514 - Posició: (172, 19)
2026-06-13 22:10:10 info: +++ Moviment 193 guardat - Session: 8f710ff7-08b6-4661-9699-30a1a1362514 - Posició: (172, 20)
2026-06-13 22:10:11 info: +++ Moviment 194 guardat - Session: 8f710ff7-08b6-4661-9699-30a1a1362514 - Posició: (172, 21)
2026-06-13 22:10:11 info: +++ Moviment 195 guardat - Session: 8f710ff7-08b6-4661-9699-30a1a1362514 - Posició: (172, 22)
2026-06-13 22:10:11 info: +++ Moviment 196 guardat - Session: 8f710ff7-08b6-4661-9699-30a1a1362514 - Posició: (172, 23)
2026-06-13 22:10:11 info: +++ Moviment 197 guardat - Session: 8f710ff7-08b6-4661-9699-30a1a1362514 - Posició: (172, 24)
2026-06-13 22:10:11 info: +++ Moviment 198 guardat - Session: 8f710ff7-08b6-4661-9699-30a1a1362514 - Posició: (172, 25)
2026-06-13 22:10:11 info: +++ Moviment 199 guardat - Session: 8f710ff7-08b6-4661-9699-30a1a1362514 - Posició: (172, 26)
2026-06-13 22:10:11 info: +++ Moviment 200 guardat - Session: 8f710ff7-08b6-4661-9699-30a1a1362514 - Posició: (172, 27)
2026-06-13 22:10:11 info: +++ Moviment 201 guardat - Session: 8f710ff7-08b6-4661-9699-30a1a1362514 - Posició: (172, 28)
2026-06-13 22:10:11 info: +++ Moviment 202 guardat - Session: 8f710ff7-08b6-4661-9699-30a1a1362514 - Posició: (172, 29)
2026-06-13 22:10:11 info: +++ Moviment 203 guardat - Session: 8f710ff7-08b6-4661-9699-30a1a1362514 - Posició: (172, 30)
2026-06-13 22:10:11 info: +++ Moviment 204 guardat - Session: 8f710ff7-08b6-4661-9699-30a1a1362514 - Posició: (172, 31)
2026-06-13 22:10:11 info: +++ Moviment 205 guardat - Session: 8f710ff7-08b6-4661-9699-30a1a1362514 - Posició: (172, 32)
2026-06-13 22:10:11 info: +++ Moviment 206 guardat - Session: 8f710ff7-08b6-4661-9699-30a1a1362514 - Posició: (172, 33)
2026-06-13 22:10:11 info: +++ Moviment 207 guardat - Session: 8f710ff7-08b6-4661-9699-30a1a1362514 - Posició: (172, 34)
2026-06-13 22:10:11 info: +++ Moviment 208 guardat - Session: 8f710ff7-08b6-4661-9699-30a1a1362514 - Posició: (172, 35)
2026-06-13 22:10:11 info: +++ Moviment 209 guardat - Session: 8f710ff7-08b6-4661-9699-30a1a1362514 - Posició: (172, 36)
2026-06-13 22:10:11 info: +++ Moviment 210 guardat - Session: 8f710ff7-08b6-4661-9699-30a1a1362514 - Posició: (172, 37)
2026-06-13 22:10:11 info: +++ Moviment 211 guardat - Session: 8f710ff7-08b6-4661-9699-30a1a1362514 - Posició: (172, 38)
2026-06-13 22:10:11 info: +++ Moviment 212 guardat - Session: 8f710ff7-08b6-4661-9699-30a1a1362514 - Posició: (172, 39)
2026-06-13 22:10:11 info: +++ Moviment 213 guardat - Session: 8f710ff7-08b6-4661-9699-30a1a1362514 - Posició: (172, 40)
2026-06-13 22:10:11 info: +++ Moviment 214 guardat - Session: 8f710ff7-08b6-4661-9699-30a1a1362514 - Posició: (172, 41)
2026-06-13 22:10:11 info: +++ Moviment 215 guardat - Session: 8f710ff7-08b6-4661-9699-30a1a1362514 - Posició: (172, 42)
2026-06-13 22:10:11 info: +++ Moviment 216 guardat - Session: 8f710ff7-08b6-4661-9699-30a1a1362514 - Posició: (172, 43)
2026-06-13 22:10:11 info: +++ Moviment 217 guardat - Session: 8f710ff7-08b6-4661-9699-30a1a1362514 - Posició: (172, 44)
2026-06-13 22:10:11 info: +++ Moviment 218 guardat - Session: 8f710ff7-08b6-4661-9699-30a1a1362514 - Posició: (172, 45)
2026-06-13 22:10:11 info: +++ Moviment 219 guardat - Session: 8f710ff7-08b6-4661-9699-30a1a1362514 - Posició: (172, 46)
2026-06-13 22:10:11 info: +++ Moviment 220 guardat - Session: 8f710ff7-08b6-4661-9699-30a1a1362514 - Posició: (172, 47)
2026-06-13 22:10:11 info: +++ Moviment 221 guardat - Session: 8f710ff7-08b6-4661-9699-30a1a1362514 - Posició: (172, 48)
2026-06-13 22:10:11 info: +++ Moviment 222 guardat - Session: 8f710ff7-08b6-4661-9699-30a1a1362514 - Posició: (172, 49)
2026-06-13 22:10:11 info: +++ Moviment 223 guardat - Session: 8f710ff7-08b6-4661-9699-30a1a1362514 - Posició: (172, 50)
2026-06-13 22:10:11 info: +++ Moviment 224 guardat - Session: 8f710ff7-08b6-4661-9699-30a1a1362514 - Posició: (172, 51)
2026-06-13 22:10:11 info: +++ Moviment 225 guardat - Session: 8f710ff7-08b6-4661-9699-30a1a1362514 - Posició: (172, 52)
2026-06-13 22:10:11 info: +++ Moviment 226 guardat - Session: 8f710ff7-08b6-4661-9699-30a1a1362514 - Posició: (172, 53)
2026-06-13 22:10:12 info: +++ Moviment 227 guardat - Session: 8f710ff7-08b6-4661-9699-30a1a1362514 - Posició: (172, 54)
2026-06-13 22:10:12 info: +++ Moviment 228 guardat - Session: 8f710ff7-08b6-4661-9699-30a1a1362514 - Posició: (172, 55)
2026-06-13 22:10:12 info: +++ Moviment 229 guardat - Session: 8f710ff7-08b6-4661-9699-30a1a1362514 - Posició: (172, 56)
2026-06-13 22:10:12 info: +++ Moviment 230 guardat - Session: 8f710ff7-08b6-4661-9699-30a1a1362514 - Posició: (172, 57)
2026-06-13 22:10:12 info: +++ Moviment 231 guardat - Session: 8f710ff7-08b6-4661-9699-30a1a1362514 - Posició: (172, 58)
2026-06-13 22:10:12 info: +++ Moviment 232 guardat - Session: 8f710ff7-08b6-4661-9699-30a1a1362514 - Posició: (172, 59)
2026-06-13 22:10:12 info: +++ Moviment 233 guardat - Session: 8f710ff7-08b6-4661-9699-30a1a1362514 - Posició: (172, 60)
2026-06-13 22:10:12 info: +++ Moviment 234 guardat - Session: 8f710ff7-08b6-4661-9699-30a1a1362514 - Posició: (172, 61)
2026-06-13 22:10:12 info: +++ Moviment 235 guardat - Session: 8f710ff7-08b6-4661-9699-30a1a1362514 - Posició: (172, 62)
2026-06-13 22:10:12 info: +++ Moviment 236 guardat - Session: 8f710ff7-08b6-4661-9699-30a1a1362514 - Posició: (172, 63)
2026-06-13 22:10:12 info: +++ Moviment 237 guardat - Session: 8f710ff7-08b6-4661-9699-30a1a1362514 - Posició: (172, 64)
2026-06-13 22:10:12 info: +++ Moviment 238 guardat - Session: 8f710ff7-08b6-4661-9699-30a1a1362514 - Posició: (172, 65)
2026-06-13 22:10:12 info: +++ Moviment 239 guardat - Session: 8f710ff7-08b6-4661-9699-30a1a1362514 - Posició: (172, 66)
2026-06-13 22:10:12 info: +++ Moviment 240 guardat - Session: 8f710ff7-08b6-4661-9699-30a1a1362514 - Posició: (172, 67)
2026-06-13 22:10:12 info: +++ Moviment 241 guardat - Session: 8f710ff7-08b6-4661-9699-30a1a1362514 - Posició: (172, 68)
2026-06-13 22:10:12 info: +++ Moviment 242 guardat - Session: 8f710ff7-08b6-4661-9699-30a1a1362514 - Posició: (172, 69)
2026-06-13 22:10:12 info: +++ Moviment 243 guardat - Session: 8f710ff7-08b6-4661-9699-30a1a1362514 - Posició: (172, 70)
2026-06-13 22:10:12 info: +++ Moviment 244 guardat - Session: 8f710ff7-08b6-4661-9699-30a1a1362514 - Posició: (172, 71)
2026-06-13 22:10:12 info: +++ Moviment 245 guardat - Session: 8f710ff7-08b6-4661-9699-30a1a1362514 - Posició: (172, 72)
2026-06-13 22:10:12 info: +++ Moviment 246 guardat - Session: 8f710ff7-08b6-4661-9699-30a1a1362514 - Posició: (172, 73)
2026-06-13 22:10:12 info: +++ Moviment 247 guardat - Session: 8f710ff7-08b6-4661-9699-30a1a1362514 - Posició: (172, 74)
2026-06-13 22:10:12 info: +++ Moviment 248 guardat - Session: 8f710ff7-08b6-4661-9699-30a1a1362514 - Posició: (172, 75)
2026-06-13 22:10:12 info: +++ Moviment 249 guardat - Session: 8f710ff7-08b6-4661-9699-30a1a1362514 - Posició: (172, 76)
2026-06-13 22:10:12 info: +++ Moviment 250 guardat - Session: 8f710ff7-08b6-4661-9699-30a1a1362514 - Posició: (172, 77)
2026-06-13 22:10:12 info: +++ Moviment 251 guardat - Session: 8f710ff7-08b6-4661-9699-30a1a1362514 - Posició: (172, 78)
2026-06-13 22:10:12 info: +++ Moviment 252 guardat - Session: 8f710ff7-08b6-4661-9699-30a1a1362514 - Posició: (172, 79)
2026-06-13 22:10:12 info: +++ Moviment 253 guardat - Session: 8f710ff7-08b6-4661-9699-30a1a1362514 - Posició: (172, 80)
2026-06-13 22:10:12 info: +++ Moviment 254 guardat - Session: 8f710ff7-08b6-4661-9699-30a1a1362514 - Posició: (172, 81)
2026-06-13 22:10:12 info: +++ Moviment 255 guardat - Session: 8f710ff7-08b6-4661-9699-30a1a1362514 - Posició: (172, 82)
2026-06-13 22:10:12 info: +++ Moviment 256 guardat - Session: 8f710ff7-08b6-4661-9699-30a1a1362514 - Posició: (172, 83)
2026-06-13 22:10:12 info: +++ Moviment 257 guardat - Session: 8f710ff7-08b6-4661-9699-30a1a1362514 - Posició: (172, 84)
2026-06-13 22:10:12 info: +++ Moviment 258 guardat - Session: 8f710ff7-08b6-4661-9699-30a1a1362514 - Posició: (172, 85)
2026-06-13 22:10:12 info: +++ Moviment 259 guardat - Session: 8f710ff7-08b6-4661-9699-30a1a1362514 - Posició: (172, 86)
2026-06-13 22:10:13 info: +++ Moviment 260 guardat - Session: 8f710ff7-08b6-4661-9699-30a1a1362514 - Posició: (172, 87)
2026-06-13 22:10:13 info: +++ Moviment 261 guardat - Session: 8f710ff7-08b6-4661-9699-30a1a1362514 - Posició: (172, 88)
2026-06-13 22:10:13 info: +++ Moviment 262 guardat - Session: 8f710ff7-08b6-4661-9699-30a1a1362514 - Posició: (172, 89)
2026-06-13 22:10:13 info: +++ Moviment 263 guardat - Session: 8f710ff7-08b6-4661-9699-30a1a1362514 - Posició: (172, 90)
2026-06-13 22:10:13 info: +++ Moviment 264 guardat - Session: 8f710ff7-08b6-4661-9699-30a1a1362514 - Posició: (172, 91)
2026-06-13 22:10:13 info: +++ Moviment 265 guardat - Session: 8f710ff7-08b6-4661-9699-30a1a1362514 - Posició: (172, 92)
2026-06-13 22:10:13 info: +++ Moviment 266 guardat - Session: 8f710ff7-08b6-4661-9699-30a1a1362514 - Posició: (172, 93)
2026-06-13 22:10:13 info: +++ Moviment 267 guardat - Session: 8f710ff7-08b6-4661-9699-30a1a1362514 - Posició: (172, 94)
2026-06-13 22:10:13 info: +++ Moviment 268 guardat - Session: 8f710ff7-08b6-4661-9699-30a1a1362514 - Posició: (172, 95)
2026-06-13 22:10:13 info: +++ Moviment 269 guardat - Session: 8f710ff7-08b6-4661-9699-30a1a1362514 - Posició: (172, 96)
2026-06-13 22:10:13 info: +++ Moviment 270 guardat - Session: 8f710ff7-08b6-4661-9699-30a1a1362514 - Posició: (172, 97)
2026-06-13 22:10:13 info: +++ Moviment 271 guardat - Session: 8f710ff7-08b6-4661-9699-30a1a1362514 - Posició: (172, 98)
2026-06-13 22:10:13 info: +++ Moviment 272 guardat - Session: 8f710ff7-08b6-4661-9699-30a1a1362514 - Posició: (172, 99)
2026-06-13 22:10:13 info: +++ Moviment 273 guardat - Session: 8f710ff7-08b6-4661-9699-30a1a1362514 - Posició: (172, 100)
2026-06-13 22:10:13 info: +++ Moviment 274 guardat - Session: 8f710ff7-08b6-4661-9699-30a1a1362514 - Posició: (172, 101)
2026-06-13 22:10:13 info: +++ Moviment 275 guardat - Session: 8f710ff7-08b6-4661-9699-30a1a1362514 - Posició: (172, 102)
2026-06-13 22:10:13 info: +++ Moviment 276 guardat - Session: 8f710ff7-08b6-4661-9699-30a1a1362514 - Posició: (172, 103)
2026-06-13 22:10:13 info: +++ Moviment 277 guardat - Session: 8f710ff7-08b6-4661-9699-30a1a1362514 - Posició: (172, 104)
2026-06-13 22:10:13 info: +++ Moviment 278 guardat - Session: 8f710ff7-08b6-4661-9699-30a1a1362514 - Posició: (172, 105)
2026-06-13 22:10:13 info: +++ Moviment 279 guardat - Session: 8f710ff7-08b6-4661-9699-30a1a1362514 - Posició: (172, 106)
2026-06-13 22:10:13 info: +++ Moviment 280 guardat - Session: 8f710ff7-08b6-4661-9699-30a1a1362514 - Posició: (172, 107)
2026-06-13 22:10:13 info: +++ Moviment 281 guardat - Session: 8f710ff7-08b6-4661-9699-30a1a1362514 - Posició: (172, 108)
2026-06-13 22:10:13 info: +++ Moviment 282 guardat - Session: 8f710ff7-08b6-4661-9699-30a1a1362514 - Posició: (172, 109)
2026-06-13 22:10:13 info: +++ Moviment 283 guardat - Session: 8f710ff7-08b6-4661-9699-30a1a1362514 - Posició: (172, 110)
2026-06-13 22:10:13 info: +++ Moviment 284 guardat - Session: 8f710ff7-08b6-4661-9699-30a1a1362514 - Posició: (172, 111)
2026-06-13 22:10:13 info: +++ Moviment 285 guardat - Session: 8f710ff7-08b6-4661-9699-30a1a1362514 - Posició: (172, 112)
2026-06-13 22:10:13 info: +++ Moviment 286 guardat - Session: 8f710ff7-08b6-4661-9699-30a1a1362514 - Posició: (172, 113)
2026-06-13 22:10:13 info: +++ Moviment 287 guardat - Session: 8f710ff7-08b6-4661-9699-30a1a1362514 - Posició: (172, 114)
2026-06-13 22:10:13 info: +++ Moviment 288 guardat - Session: 8f710ff7-08b6-4661-9699-30a1a1362514 - Posició: (172, 115)
2026-06-13 22:10:13 info: +++ Moviment 289 guardat - Session: 8f710ff7-08b6-4661-9699-30a1a1362514 - Posició: (172, 116)
2026-06-13 22:10:13 info: +++ Moviment 290 guardat - Session: 8f710ff7-08b6-4661-9699-30a1a1362514 - Posició: (172, 117)
2026-06-13 22:10:13 info: +++ Moviment 291 guardat - Session: 8f710ff7-08b6-4661-9699-30a1a1362514 - Posició: (172, 118)
2026-06-13 22:10:13 info: +++ Moviment 292 guardat - Session: 8f710ff7-08b6-4661-9699-30a1a1362514 - Posició: (172, 119)
2026-06-13 22:10:14 info: +++ Moviment 293 guardat - Session: 8f710ff7-08b6-4661-9699-30a1a1362514 - Posició: (172, 120)
2026-06-13 22:10:14 info: +++ Moviment 294 guardat - Session: 8f710ff7-08b6-4661-9699-30a1a1362514 - Posició: (172, 121)
2026-06-13 22:10:14 info: +++ Moviment 295 guardat - Session: 8f710ff7-08b6-4661-9699-30a1a1362514 - Posició: (172, 122)
2026-06-13 22:10:14 info: +++ Moviment 296 guardat - Session: 8f710ff7-08b6-4661-9699-30a1a1362514 - Posició: (172, 123)
2026-06-13 22:10:14 info: +++ Moviment 297 guardat - Session: 8f710ff7-08b6-4661-9699-30a1a1362514 - Posició: (172, 124)
2026-06-13 22:10:14 info: +++ Moviment 298 guardat - Session: 8f710ff7-08b6-4661-9699-30a1a1362514 - Posició: (172, 125)
2026-06-13 22:10:14 info: +++ Moviment 299 guardat - Session: 8f710ff7-08b6-4661-9699-30a1a1362514 - Posició: (172, 126)
2026-06-13 22:10:14 info: +++ Moviment 300 guardat - Session: 8f710ff7-08b6-4661-9699-30a1a1362514 - Posició: (172, 127)
2026-06-13 22:10:14 info: +++ Moviment 301 guardat - Session: 8f710ff7-08b6-4661-9699-30a1a1362514 - Posició: (172, 128)
2026-06-13 22:10:14 info: +++ Moviment 302 guardat - Session: 8f710ff7-08b6-4661-9699-30a1a1362514 - Posició: (172, 129)
2026-06-13 22:10:14 info: +++ Moviment 303 guardat - Session: 8f710ff7-08b6-4661-9699-30a1a1362514 - Posició: (172, 130)
2026-06-13 22:10:14 info: +++ Moviment 304 guardat - Session: 8f710ff7-08b6-4661-9699-30a1a1362514 - Posició: (172, 131)
2026-06-13 22:10:14 info: +++ Moviment 305 guardat - Session: 8f710ff7-08b6-4661-9699-30a1a1362514 - Posició: (172, 132)
2026-06-13 22:10:14 info: +++ Moviment 306 guardat - Session: 8f710ff7-08b6-4661-9699-30a1a1362514 - Posició: (172, 133)
2026-06-13 22:10:14 info: +++ Moviment 307 guardat - Session: 8f710ff7-08b6-4661-9699-30a1a1362514 - Posició: (172, 134)
2026-06-13 22:10:14 info: +++ Moviment 308 guardat - Session: 8f710ff7-08b6-4661-9699-30a1a1362514 - Posició: (172, 135)
2026-06-13 22:10:14 info: +++ Moviment 309 guardat - Session: 8f710ff7-08b6-4661-9699-30a1a1362514 - Posició: (172, 136)
2026-06-13 22:10:14 info: +++ Moviment 310 guardat - Session: 8f710ff7-08b6-4661-9699-30a1a1362514 - Posició: (172, 137)
2026-06-13 22:10:14 info: +++ Moviment 311 guardat - Session: 8f710ff7-08b6-4661-9699-30a1a1362514 - Posició: (172, 138)
2026-06-13 22:10:14 info: +++ Moviment 312 guardat - Session: 8f710ff7-08b6-4661-9699-30a1a1362514 - Posició: (172, 139)
2026-06-13 22:10:14 info: +++ Moviment 313 guardat - Session: 8f710ff7-08b6-4661-9699-30a1a1362514 - Posició: (172, 140)
2026-06-13 22:10:14 info: +++ Moviment 314 guardat - Session: 8f710ff7-08b6-4661-9699-30a1a1362514 - Posició: (172, 141)
2026-06-13 22:10:14 info: +++ Moviment 315 guardat - Session: 8f710ff7-08b6-4661-9699-30a1a1362514 - Posició: (172, 142)
2026-06-13 22:10:14 info: +++ Moviment 316 guardat - Session: 8f710ff7-08b6-4661-9699-30a1a1362514 - Posició: (172, 143)
2026-06-13 22:10:14 info: +++ Moviment 317 guardat - Session: 8f710ff7-08b6-4661-9699-30a1a1362514 - Posició: (172, 144)
2026-06-13 22:10:14 info: +++ Moviment 318 guardat - Session: 8f710ff7-08b6-4661-9699-30a1a1362514 - Posició: (172, 145)
2026-06-13 22:10:14 info: +++ Moviment 319 guardat - Session: 8f710ff7-08b6-4661-9699-30a1a1362514 - Posició: (172, 146)
2026-06-13 22:10:14 info: +++ Moviment 320 guardat - Session: 8f710ff7-08b6-4661-9699-30a1a1362514 - Posició: (172, 147)
2026-06-13 22:10:14 info: +++ Moviment 321 guardat - Session: 8f710ff7-08b6-4661-9699-30a1a1362514 - Posició: (172, 148)
2026-06-13 22:10:14 info: +++ Moviment 322 guardat - Session: 8f710ff7-08b6-4661-9699-30a1a1362514 - Posició: (172, 149)
2026-06-13 22:10:14 info: +++ Moviment 323 guardat - Session: 8f710ff7-08b6-4661-9699-30a1a1362514 - Posició: (172, 150)
2026-06-13 22:10:14 info: +++ Moviment 324 guardat - Session: 8f710ff7-08b6-4661-9699-30a1a1362514 - Posició: (172, 151)
2026-06-13 22:10:14 info: +++ Moviment 325 guardat - Session: 8f710ff7-08b6-4661-9699-30a1a1362514 - Posició: (172, 152)
2026-06-13 22:10:15 info: +++ Moviment 326 guardat - Session: 8f710ff7-08b6-4661-9699-30a1a1362514 - Posició: (172, 153)
2026-06-13 22:10:15 info: +++ Moviment 327 guardat - Session: 8f710ff7-08b6-4661-9699-30a1a1362514 - Posició: (172, 154)
2026-06-13 22:10:15 info: +++ Moviment 328 guardat - Session: 8f710ff7-08b6-4661-9699-30a1a1362514 - Posició: (172, 155)
2026-06-13 22:10:15 info: +++ Moviment 329 guardat - Session: 8f710ff7-08b6-4661-9699-30a1a1362514 - Posició: (172, 156)
2026-06-13 22:10:15 info: +++ Moviment 330 guardat - Session: 8f710ff7-08b6-4661-9699-30a1a1362514 - Posició: (172, 157)
2026-06-13 22:10:15 info: +++ Moviment 331 guardat - Session: 8f710ff7-08b6-4661-9699-30a1a1362514 - Posició: (172, 158)
2026-06-13 22:10:15 info: +++ Moviment 332 guardat - Session: 8f710ff7-08b6-4661-9699-30a1a1362514 - Posició: (172, 159)
2026-06-13 22:10:15 info: +++ Moviment 333 guardat - Session: 8f710ff7-08b6-4661-9699-30a1a1362514 - Posició: (172, 160)
2026-06-13 22:10:15 info: +++ Moviment 334 guardat - Session: 8f710ff7-08b6-4661-9699-30a1a1362514 - Posició: (172, 161)
2026-06-13 22:10:15 info: +++ Moviment 335 guardat - Session: 8f710ff7-08b6-4661-9699-30a1a1362514 - Posició: (172, 162)
2026-06-13 22:10:15 info: +++ Moviment 336 guardat - Session: 8f710ff7-08b6-4661-9699-30a1a1362514 - Posició: (172, 163)
2026-06-13 22:10:15 info: +++ Moviment 337 guardat - Session: 8f710ff7-08b6-4661-9699-30a1a1362514 - Posició: (172, 164)
2026-06-13 22:10:15 info: +++ Moviment 338 guardat - Session: 8f710ff7-08b6-4661-9699-30a1a1362514 - Posició: (172, 165)
2026-06-13 22:10:15 info: +++ Moviment 339 guardat - Session: 8f710ff7-08b6-4661-9699-30a1a1362514 - Posició: (172, 166)
2026-06-13 22:10:15 info: +++ Moviment 340 guardat - Session: 8f710ff7-08b6-4661-9699-30a1a1362514 - Posició: (172, 167)
2026-06-13 22:10:15 info: +++ Moviment 341 guardat - Session: 8f710ff7-08b6-4661-9699-30a1a1362514 - Posició: (172, 168)
2026-06-13 22:10:15 info: +++ Moviment 342 guardat - Session: 8f710ff7-08b6-4661-9699-30a1a1362514 - Posició: (172, 169)
2026-06-13 22:10:15 info: +++ Moviment 343 guardat - Session: 8f710ff7-08b6-4661-9699-30a1a1362514 - Posició: (172, 170)
2026-06-13 22:10:15 info: +++ Moviment 344 guardat - Session: 8f710ff7-08b6-4661-9699-30a1a1362514 - Posició: (172, 171)
2026-06-13 22:10:15 info: +++ Moviment 345 guardat - Session: 8f710ff7-08b6-4661-9699-30a1a1362514 - Posició: (172, 172)
2026-06-13 22:10:15 info: +++ Moviment 346 guardat - Session: 8f710ff7-08b6-4661-9699-30a1a1362514 - Posició: (172, 173)
2026-06-13 22:10:15 info: +++ Moviment 347 guardat - Session: 8f710ff7-08b6-4661-9699-30a1a1362514 - Posició: (172, 174)
2026-06-13 22:10:15 info: +++ Moviment 348 guardat - Session: 8f710ff7-08b6-4661-9699-30a1a1362514 - Posició: (172, 175)
2026-06-13 22:10:15 info: +++ Moviment 349 guardat - Session: 8f710ff7-08b6-4661-9699-30a1a1362514 - Posició: (172, 176)
2026-06-13 22:10:15 info: +++ Moviment 350 guardat - Session: 8f710ff7-08b6-4661-9699-30a1a1362514 - Posició: (172, 177)
2026-06-13 22:10:15 info: +++ Moviment 351 guardat - Session: 8f710ff7-08b6-4661-9699-30a1a1362514 - Posició: (172, 178)
2026-06-13 22:10:15 info: +++ Moviment 352 guardat - Session: 8f710ff7-08b6-4661-9699-30a1a1362514 - Posició: (172, 179)
2026-06-13 22:10:15 info: +++ Moviment 353 guardat - Session: 8f710ff7-08b6-4661-9699-30a1a1362514 - Posició: (172, 180)
2026-06-13 22:10:15 info: +++ Moviment 354 guardat - Session: 8f710ff7-08b6-4661-9699-30a1a1362514 - Posició: (172, 181)
2026-06-13 22:10:15 info: +++ Moviment 355 guardat - Session: 8f710ff7-08b6-4661-9699-30a1a1362514 - Posició: (172, 182)
2026-06-13 22:10:15 info: +++ Moviment 356 guardat - Session: 8f710ff7-08b6-4661-9699-30a1a1362514 - Posició: (172, 183)
2026-06-13 22:10:15 info: +++ Moviment 357 guardat - Session: 8f710ff7-08b6-4661-9699-30a1a1362514 - Posició: (172, 184)
2026-06-13 22:10:15 info: +++ Moviment 358 guardat - Session: 8f710ff7-08b6-4661-9699-30a1a1362514 - Posició: (172, 185)
2026-06-13 22:10:16 info: +++ Moviment 359 guardat - Session: 8f710ff7-08b6-4661-9699-30a1a1362514 - Posició: (172, 186)
2026-06-13 22:10:16 info: +++ Moviment 360 guardat - Session: 8f710ff7-08b6-4661-9699-30a1a1362514 - Posició: (172, 187)
2026-06-13 22:10:16 info: +++ Moviment 361 guardat - Session: 8f710ff7-08b6-4661-9699-30a1a1362514 - Posició: (172, 188)
2026-06-13 22:10:16 info: +++ Moviment 362 guardat - Session: 8f710ff7-08b6-4661-9699-30a1a1362514 - Posició: (172, 189)
2026-06-13 22:10:16 info: +++ Moviment 363 guardat - Session: 8f710ff7-08b6-4661-9699-30a1a1362514 - Posició: (172, 190)
2026-06-13 22:10:16 info: +++ Moviment 364 guardat - Session: 8f710ff7-08b6-4661-9699-30a1a1362514 - Posició: (172, 191)
2026-06-13 22:10:16 info: +++ Moviment 365 guardat - Session: 8f710ff7-08b6-4661-9699-30a1a1362514 - Posició: (172, 192)
2026-06-13 22:10:16 info: +++ Moviment 366 guardat - Session: 8f710ff7-08b6-4661-9699-30a1a1362514 - Posició: (172, 193)
2026-06-13 22:10:16 info: +++ Moviment 367 guardat - Session: 8f710ff7-08b6-4661-9699-30a1a1362514 - Posició: (172, 194)
2026-06-13 22:10:16 info: +++ Moviment 368 guardat - Session: 8f710ff7-08b6-4661-9699-30a1a1362514 - Posició: (172, 195)
2026-06-13 22:10:16 info: +++ Moviment 369 guardat - Session: 8f710ff7-08b6-4661-9699-30a1a1362514 - Posició: (172, 196)
2026-06-13 22:10:16 info: +++ Moviment 370 guardat - Session: 8f710ff7-08b6-4661-9699-30a1a1362514 - Posició: (172, 197)
2026-06-13 22:10:16 info: +++ Moviment 371 guardat - Session: 8f710ff7-08b6-4661-9699-30a1a1362514 - Posició: (172, 198)
2026-06-13 22:10:16 info: +++ Moviment 372 guardat - Session: 8f710ff7-08b6-4661-9699-30a1a1362514 - Posició: (172, 199)
2026-06-13 22:10:16 info: +++ Moviment 373 guardat - Session: 8f710ff7-08b6-4661-9699-30a1a1362514 - Posició: (172, 200)
2026-06-13 22:10:16 info: +++ Moviment 374 guardat - Session: 8f710ff7-08b6-4661-9699-30a1a1362514 - Posició: (172, 201)
2026-06-13 22:10:16 info: +++ Moviment 375 guardat - Session: 8f710ff7-08b6-4661-9699-30a1a1362514 - Posició: (172, 202)
2026-06-13 22:10:16 info: +++ Moviment 376 guardat - Session: 8f710ff7-08b6-4661-9699-30a1a1362514 - Posició: (172, 203)
2026-06-13 22:10:16 info: +++ Moviment 377 guardat - Session: 8f710ff7-08b6-4661-9699-30a1a1362514 - Posició: (172, 204)
2026-06-13 22:10:16 info: +++ Moviment 378 guardat - Session: 8f710ff7-08b6-4661-9699-30a1a1362514 - Posició: (172, 205)
2026-06-13 22:10:16 info: +++ Moviment 379 guardat - Session: 8f710ff7-08b6-4661-9699-30a1a1362514 - Posició: (172, 206)
2026-06-13 22:10:16 info: +++ Moviment 380 guardat - Session: 8f710ff7-08b6-4661-9699-30a1a1362514 - Posició: (172, 207)
2026-06-13 22:10:16 info: +++ Moviment 381 guardat - Session: 8f710ff7-08b6-4661-9699-30a1a1362514 - Posició: (172, 208)
2026-06-13 22:10:16 info: +++ Moviment 382 guardat - Session: 8f710ff7-08b6-4661-9699-30a1a1362514 - Posició: (172, 209)
2026-06-13 22:10:16 info: +++ Moviment 383 guardat - Session: 8f710ff7-08b6-4661-9699-30a1a1362514 - Posició: (172, 210)
2026-06-13 22:10:16 info: +++ Moviment 384 guardat - Session: 8f710ff7-08b6-4661-9699-30a1a1362514 - Posició: (172, 211)
2026-06-13 22:10:16 info: +++ Moviment 385 guardat - Session: 8f710ff7-08b6-4661-9699-30a1a1362514 - Posició: (172, 212)
2026-06-13 22:10:16 info: +++ Moviment 386 guardat - Session: 8f710ff7-08b6-4661-9699-30a1a1362514 - Posició: (172, 213)
2026-06-13 22:10:16 info: +++ Moviment 387 guardat - Session: 8f710ff7-08b6-4661-9699-30a1a1362514 - Posició: (172, 214)
2026-06-13 22:10:16 info: +++ Moviment 388 guardat - Session: 8f710ff7-08b6-4661-9699-30a1a1362514 - Posició: (172, 215)
2026-06-13 22:10:16 info: +++ Moviment 389 guardat - Session: 8f710ff7-08b6-4661-9699-30a1a1362514 - Posició: (172, 216)
2026-06-13 22:10:16 info: +++ Moviment 390 guardat - Session: 8f710ff7-08b6-4661-9699-30a1a1362514 - Posició: (172, 217)
2026-06-13 22:10:16 info: +++ Moviment 391 guardat - Session: 8f710ff7-08b6-4661-9699-30a1a1362514 - Posició: (171, 217)
2026-06-13 22:10:17 info: +++ Moviment 392 guardat - Session: 8f710ff7-08b6-4661-9699-30a1a1362514 - Posició: (170, 217)
2026-06-13 22:10:17 info: +++ Moviment 393 guardat - Session: 8f710ff7-08b6-4661-9699-30a1a1362514 - Posició: (169, 217)
2026-06-13 22:10:17 info: +++ Moviment 394 guardat - Session: 8f710ff7-08b6-4661-9699-30a1a1362514 - Posició: (168, 217)
2026-06-13 22:10:17 info: +++ Moviment 395 guardat - Session: 8f710ff7-08b6-4661-9699-30a1a1362514 - Posició: (167, 217)
2026-06-13 22:10:17 info: +++ Moviment 396 guardat - Session: 8f710ff7-08b6-4661-9699-30a1a1362514 - Posició: (166, 217)
2026-06-13 22:10:17 info: +++ Moviment 397 guardat - Session: 8f710ff7-08b6-4661-9699-30a1a1362514 - Posició: (165, 217)
2026-06-13 22:10:17 info: +++ Moviment 398 guardat - Session: 8f710ff7-08b6-4661-9699-30a1a1362514 - Posició: (164, 217)
2026-06-13 22:10:17 info: +++ Moviment 399 guardat - Session: 8f710ff7-08b6-4661-9699-30a1a1362514 - Posició: (163, 217)
2026-06-13 22:10:17 info: +++ Moviment 400 guardat - Session: 8f710ff7-08b6-4661-9699-30a1a1362514 - Posició: (162, 217)
2026-06-13 22:10:17 info: +++ Moviment 401 guardat - Session: 8f710ff7-08b6-4661-9699-30a1a1362514 - Posició: (161, 217)
2026-06-13 22:10:17 info: +++ Moviment 402 guardat - Session: 8f710ff7-08b6-4661-9699-30a1a1362514 - Posició: (160, 217)
2026-06-13 22:10:17 info: +++ Moviment 403 guardat - Session: 8f710ff7-08b6-4661-9699-30a1a1362514 - Posició: (159, 217)
2026-06-13 22:10:17 info: +++ Moviment 404 guardat - Session: 8f710ff7-08b6-4661-9699-30a1a1362514 - Posició: (158, 217)
2026-06-13 22:10:17 info: +++ Moviment 405 guardat - Session: 8f710ff7-08b6-4661-9699-30a1a1362514 - Posició: (157, 217)
2026-06-13 22:10:17 info: +++ Moviment 406 guardat - Session: 8f710ff7-08b6-4661-9699-30a1a1362514 - Posició: (156, 217)
2026-06-13 22:10:17 info: +++ Moviment 407 guardat - Session: 8f710ff7-08b6-4661-9699-30a1a1362514 - Posició: (155, 217)
2026-06-13 22:10:17 info: +++ Moviment 408 guardat - Session: 8f710ff7-08b6-4661-9699-30a1a1362514 - Posició: (154, 217)
2026-06-13 22:10:17 info: +++ Moviment 409 guardat - Session: 8f710ff7-08b6-4661-9699-30a1a1362514 - Posició: (153, 217)
2026-06-13 22:10:17 info: +++ Moviment 410 guardat - Session: 8f710ff7-08b6-4661-9699-30a1a1362514 - Posició: (152, 217)
2026-06-13 22:10:18 info: +++ Moviment 411 guardat - Session: 8f710ff7-08b6-4661-9699-30a1a1362514 - Posició: (151, 217)
2026-06-13 22:10:18 info: +++ Moviment 412 guardat - Session: 8f710ff7-08b6-4661-9699-30a1a1362514 - Posició: (150, 217)
2026-06-13 22:10:18 info: +++ Moviment 413 guardat - Session: 8f710ff7-08b6-4661-9699-30a1a1362514 - Posició: (149, 217)
2026-06-13 22:10:18 info: +++ Moviment 414 guardat - Session: 8f710ff7-08b6-4661-9699-30a1a1362514 - Posició: (148, 217)
2026-06-13 22:10:18 info: +++ Moviment 415 guardat - Session: 8f710ff7-08b6-4661-9699-30a1a1362514 - Posició: (147, 217)
2026-06-13 22:10:18 info: +++ Moviment 416 guardat - Session: 8f710ff7-08b6-4661-9699-30a1a1362514 - Posició: (146, 217)
2026-06-13 22:10:18 info: +++ Moviment 417 guardat - Session: 8f710ff7-08b6-4661-9699-30a1a1362514 - Posició: (145, 217)
2026-06-13 22:10:18 info: +++ Moviment 418 guardat - Session: 8f710ff7-08b6-4661-9699-30a1a1362514 - Posició: (144, 217)
2026-06-13 22:10:18 info: +++ Moviment 419 guardat - Session: 8f710ff7-08b6-4661-9699-30a1a1362514 - Posició: (143, 217)
2026-06-13 22:10:18 info: +++ Moviment 420 guardat - Session: 8f710ff7-08b6-4661-9699-30a1a1362514 - Posició: (142, 217)
2026-06-13 22:10:18 info: +++ Moviment 421 guardat - Session: 8f710ff7-08b6-4661-9699-30a1a1362514 - Posició: (141, 217)
2026-06-13 22:10:18 info: +++ Moviment 422 guardat - Session: 8f710ff7-08b6-4661-9699-30a1a1362514 - Posició: (140, 217)
2026-06-13 22:10:18 info: +++ Moviment 423 guardat - Session: 8f710ff7-08b6-4661-9699-30a1a1362514 - Posició: (139, 217)
2026-06-13 22:10:18 info: +++ Moviment 424 guardat - Session: 8f710ff7-08b6-4661-9699-30a1a1362514 - Posició: (138, 217)
2026-06-13 22:10:18 info: +++ Moviment 425 guardat - Session: 8f710ff7-08b6-4661-9699-30a1a1362514 - Posició: (137, 217)
2026-06-13 22:10:18 info: +++ Moviment 426 guardat - Session: 8f710ff7-08b6-4661-9699-30a1a1362514 - Posició: (136, 217)
2026-06-13 22:10:18 info: +++ Moviment 427 guardat - Session: 8f710ff7-08b6-4661-9699-30a1a1362514 - Posició: (135, 217)
2026-06-13 22:10:18 info: +++ Moviment 428 guardat - Session: 8f710ff7-08b6-4661-9699-30a1a1362514 - Posició: (134, 217)
2026-06-13 22:10:18 info: +++ Moviment 429 guardat - Session: 8f710ff7-08b6-4661-9699-30a1a1362514 - Posició: (133, 217)
2026-06-13 22:10:18 info: +++ Moviment 430 guardat - Session: 8f710ff7-08b6-4661-9699-30a1a1362514 - Posició: (132, 217)
2026-06-13 22:10:18 info: +++ Moviment 431 guardat - Session: 8f710ff7-08b6-4661-9699-30a1a1362514 - Posició: (131, 217)
2026-06-13 22:10:18 info: +++ Moviment 432 guardat - Session: 8f710ff7-08b6-4661-9699-30a1a1362514 - Posició: (130, 217)
2026-06-13 22:10:18 info: +++ Moviment 433 guardat - Session: 8f710ff7-08b6-4661-9699-30a1a1362514 - Posició: (129, 217)
2026-06-13 22:10:18 info: +++ Moviment 434 guardat - Session: 8f710ff7-08b6-4661-9699-30a1a1362514 - Posició: (128, 217)
2026-06-13 22:10:18 info: +++ Moviment 435 guardat - Session: 8f710ff7-08b6-4661-9699-30a1a1362514 - Posició: (127, 217)
2026-06-13 22:10:18 info: +++ Moviment 436 guardat - Session: 8f710ff7-08b6-4661-9699-30a1a1362514 - Posició: (126, 217)
2026-06-13 22:10:18 info: +++ Moviment 437 guardat - Session: 8f710ff7-08b6-4661-9699-30a1a1362514 - Posició: (125, 217)
2026-06-13 22:10:18 info: +++ Moviment 438 guardat - Session: 8f710ff7-08b6-4661-9699-30a1a1362514 - Posició: (124, 217)
2026-06-13 22:10:18 info: +++ Moviment 439 guardat - Session: 8f710ff7-08b6-4661-9699-30a1a1362514 - Posició: (123, 217)
2026-06-13 22:10:18 info: +++ Moviment 440 guardat - Session: 8f710ff7-08b6-4661-9699-30a1a1362514 - Posició: (122, 217)
2026-06-13 22:10:18 info: +++ Moviment 441 guardat - Session: 8f710ff7-08b6-4661-9699-30a1a1362514 - Posició: (121, 217)
2026-06-13 22:10:18 info: +++ Moviment 442 guardat - Session: 8f710ff7-08b6-4661-9699-30a1a1362514 - Posició: (120, 217)
2026-06-13 22:10:18 info: +++ Moviment 443 guardat - Session: 8f710ff7-08b6-4661-9699-30a1a1362514 - Posició: (119, 217)
2026-06-13 22:10:19 info: +++ Moviment 444 guardat - Session: 8f710ff7-08b6-4661-9699-30a1a1362514 - Posició: (118, 217)
2026-06-13 22:10:19 info: +++ Moviment 445 guardat - Session: 8f710ff7-08b6-4661-9699-30a1a1362514 - Posició: (117, 217)
2026-06-13 22:10:19 info: +++ Moviment 446 guardat - Session: 8f710ff7-08b6-4661-9699-30a1a1362514 - Posició: (116, 217)
2026-06-13 22:10:19 info: +++ Moviment 447 guardat - Session: 8f710ff7-08b6-4661-9699-30a1a1362514 - Posició: (115, 217)
2026-06-13 22:10:19 info: +++ Moviment 448 guardat - Session: 8f710ff7-08b6-4661-9699-30a1a1362514 - Posició: (114, 217)
2026-06-13 22:10:19 info: +++ Moviment 449 guardat - Session: 8f710ff7-08b6-4661-9699-30a1a1362514 - Posició: (113, 217)
2026-06-13 22:10:19 info: +++ Moviment 450 guardat - Session: 8f710ff7-08b6-4661-9699-30a1a1362514 - Posició: (112, 217)
2026-06-13 22:10:19 info: +++ Moviment 451 guardat - Session: 8f710ff7-08b6-4661-9699-30a1a1362514 - Posició: (111, 217)
2026-06-13 22:10:19 info: +++ Moviment 452 guardat - Session: 8f710ff7-08b6-4661-9699-30a1a1362514 - Posició: (110, 217)
2026-06-13 22:10:19 info: +++ Moviment 453 guardat - Session: 8f710ff7-08b6-4661-9699-30a1a1362514 - Posició: (109, 217)
2026-06-13 22:10:19 info: +++ Moviment 454 guardat - Session: 8f710ff7-08b6-4661-9699-30a1a1362514 - Posició: (108, 217)
2026-06-13 22:10:19 info: +++ Moviment 455 guardat - Session: 8f710ff7-08b6-4661-9699-30a1a1362514 - Posició: (107, 217)
2026-06-13 22:10:19 info: +++ Moviment 456 guardat - Session: 8f710ff7-08b6-4661-9699-30a1a1362514 - Posició: (106, 217)
2026-06-13 22:10:19 info: +++ Moviment 457 guardat - Session: 8f710ff7-08b6-4661-9699-30a1a1362514 - Posició: (105, 217)
2026-06-13 22:10:19 info: +++ Moviment 458 guardat - Session: 8f710ff7-08b6-4661-9699-30a1a1362514 - Posició: (104, 217)
2026-06-13 22:10:19 info: +++ Moviment 459 guardat - Session: 8f710ff7-08b6-4661-9699-30a1a1362514 - Posició: (103, 217)
2026-06-13 22:10:19 info: +++ Moviment 460 guardat - Session: 8f710ff7-08b6-4661-9699-30a1a1362514 - Posició: (102, 217)
2026-06-13 22:10:19 info: +++ Moviment 461 guardat - Session: 8f710ff7-08b6-4661-9699-30a1a1362514 - Posició: (101, 217)
2026-06-13 22:10:19 info: +++ Moviment 462 guardat - Session: 8f710ff7-08b6-4661-9699-30a1a1362514 - Posició: (100, 217)
2026-06-13 22:10:19 info: +++ Moviment 463 guardat - Session: 8f710ff7-08b6-4661-9699-30a1a1362514 - Posició: (99, 217)
2026-06-13 22:10:19 info: +++ Moviment 464 guardat - Session: 8f710ff7-08b6-4661-9699-30a1a1362514 - Posició: (98, 217)
2026-06-13 22:10:19 info: +++ Moviment 465 guardat - Session: 8f710ff7-08b6-4661-9699-30a1a1362514 - Posició: (97, 217)
2026-06-13 22:10:19 info: +++ Moviment 466 guardat - Session: 8f710ff7-08b6-4661-9699-30a1a1362514 - Posició: (96, 217)
2026-06-13 22:10:19 info: +++ Moviment 467 guardat - Session: 8f710ff7-08b6-4661-9699-30a1a1362514 - Posició: (95, 217)
2026-06-13 22:10:19 info: +++ Moviment 468 guardat - Session: 8f710ff7-08b6-4661-9699-30a1a1362514 - Posició: (94, 217)
2026-06-13 22:10:19 info: +++ Moviment 469 guardat - Session: 8f710ff7-08b6-4661-9699-30a1a1362514 - Posició: (93, 217)
2026-06-13 22:10:19 info: +++ Moviment 470 guardat - Session: 8f710ff7-08b6-4661-9699-30a1a1362514 - Posició: (92, 217)
2026-06-13 22:10:19 info: +++ Moviment 471 guardat - Session: 8f710ff7-08b6-4661-9699-30a1a1362514 - Posició: (91, 217)
2026-06-13 22:10:19 info: +++ Moviment 472 guardat - Session: 8f710ff7-08b6-4661-9699-30a1a1362514 - Posició: (90, 217)
2026-06-13 22:10:19 info: +++ Moviment 473 guardat - Session: 8f710ff7-08b6-4661-9699-30a1a1362514 - Posició: (89, 217)
2026-06-13 22:10:19 info: +++ Moviment 474 guardat - Session: 8f710ff7-08b6-4661-9699-30a1a1362514 - Posició: (88, 217)
2026-06-13 22:10:19 info: +++ Moviment 475 guardat - Session: 8f710ff7-08b6-4661-9699-30a1a1362514 - Posició: (87, 217)
2026-06-13 22:10:19 info: +++ Moviment 476 guardat - Session: 8f710ff7-08b6-4661-9699-30a1a1362514 - Posició: (86, 217)
2026-06-13 22:10:20 info: +++ Moviment 477 guardat - Session: 8f710ff7-08b6-4661-9699-30a1a1362514 - Posició: (85, 217)
2026-06-13 22:10:20 info: +++ Moviment 478 guardat - Session: 8f710ff7-08b6-4661-9699-30a1a1362514 - Posició: (84, 217)
2026-06-13 22:10:20 info: +++ Moviment 479 guardat - Session: 8f710ff7-08b6-4661-9699-30a1a1362514 - Posició: (83, 217)
2026-06-13 22:10:20 info: +++ Moviment 480 guardat - Session: 8f710ff7-08b6-4661-9699-30a1a1362514 - Posició: (82, 217)
2026-06-13 22:10:20 info: +++ Moviment 481 guardat - Session: 8f710ff7-08b6-4661-9699-30a1a1362514 - Posició: (81, 217)
2026-06-13 22:10:20 info: +++ Moviment 482 guardat - Session: 8f710ff7-08b6-4661-9699-30a1a1362514 - Posició: (80, 217)
2026-06-13 22:10:20 info: +++ Moviment 483 guardat - Session: 8f710ff7-08b6-4661-9699-30a1a1362514 - Posició: (79, 217)
2026-06-13 22:10:20 info: +++ Moviment 484 guardat - Session: 8f710ff7-08b6-4661-9699-30a1a1362514 - Posició: (78, 217)
2026-06-13 22:10:20 info: +++ Moviment 485 guardat - Session: 8f710ff7-08b6-4661-9699-30a1a1362514 - Posició: (77, 217)
2026-06-13 22:10:20 info: +++ Moviment 486 guardat - Session: 8f710ff7-08b6-4661-9699-30a1a1362514 - Posició: (76, 217)
2026-06-13 22:10:20 info: +++ Moviment 487 guardat - Session: 8f710ff7-08b6-4661-9699-30a1a1362514 - Posició: (75, 217)
2026-06-13 22:10:20 info: +++ Moviment 488 guardat - Session: 8f710ff7-08b6-4661-9699-30a1a1362514 - Posició: (74, 217)
2026-06-13 22:10:20 info: +++ Moviment 489 guardat - Session: 8f710ff7-08b6-4661-9699-30a1a1362514 - Posició: (73, 217)
2026-06-13 22:10:20 info: +++ Moviment 490 guardat - Session: 8f710ff7-08b6-4661-9699-30a1a1362514 - Posició: (72, 217)
2026-06-13 22:10:20 info: +++ Moviment 491 guardat - Session: 8f710ff7-08b6-4661-9699-30a1a1362514 - Posició: (71, 217)
2026-06-13 22:10:20 info: +++ Moviment 492 guardat - Session: 8f710ff7-08b6-4661-9699-30a1a1362514 - Posició: (70, 217)
2026-06-13 22:10:20 info: +++ Moviment 493 guardat - Session: 8f710ff7-08b6-4661-9699-30a1a1362514 - Posició: (69, 217)
2026-06-13 22:10:20 info: +++ Moviment 494 guardat - Session: 8f710ff7-08b6-4661-9699-30a1a1362514 - Posició: (68, 217)
2026-06-13 22:10:20 info: +++ Moviment 495 guardat - Session: 8f710ff7-08b6-4661-9699-30a1a1362514 - Posició: (67, 217)
2026-06-13 22:10:20 info: +++ Moviment 496 guardat - Session: 8f710ff7-08b6-4661-9699-30a1a1362514 - Posició: (66, 217)
2026-06-13 22:10:20 info: +++ Moviment 497 guardat - Session: 8f710ff7-08b6-4661-9699-30a1a1362514 - Posició: (65, 217)
2026-06-13 22:10:20 info: +++ Moviment 498 guardat - Session: 8f710ff7-08b6-4661-9699-30a1a1362514 - Posició: (64, 217)
2026-06-13 22:10:20 info: +++ Moviment 499 guardat - Session: 8f710ff7-08b6-4661-9699-30a1a1362514 - Posició: (63, 217)
2026-06-13 22:10:20 info: +++ Moviment 500 guardat - Session: 8f710ff7-08b6-4661-9699-30a1a1362514 - Posició: (62, 217)
2026-06-13 22:10:20 info: +++ Moviment 501 guardat - Session: 8f710ff7-08b6-4661-9699-30a1a1362514 - Posició: (61, 217)
2026-06-13 22:10:20 info: +++ Moviment 502 guardat - Session: 8f710ff7-08b6-4661-9699-30a1a1362514 - Posició: (60, 217)
2026-06-13 22:10:20 info: +++ Moviment 503 guardat - Session: 8f710ff7-08b6-4661-9699-30a1a1362514 - Posició: (59, 217)
2026-06-13 22:10:20 info: +++ Moviment 504 guardat - Session: 8f710ff7-08b6-4661-9699-30a1a1362514 - Posició: (58, 217)
2026-06-13 22:10:20 info: +++ Moviment 505 guardat - Session: 8f710ff7-08b6-4661-9699-30a1a1362514 - Posició: (57, 217)
2026-06-13 22:10:20 info: +++ Moviment 506 guardat - Session: 8f710ff7-08b6-4661-9699-30a1a1362514 - Posició: (56, 217)
2026-06-13 22:10:20 info: +++ Moviment 507 guardat - Session: 8f710ff7-08b6-4661-9699-30a1a1362514 - Posició: (55, 217)
2026-06-13 22:10:20 info: +++ Moviment 508 guardat - Session: 8f710ff7-08b6-4661-9699-30a1a1362514 - Posició: (54, 217)
2026-06-13 22:10:20 info: +++ Moviment 509 guardat - Session: 8f710ff7-08b6-4661-9699-30a1a1362514 - Posició: (53, 217)
2026-06-13 22:10:21 info: +++ Moviment 510 guardat - Session: 8f710ff7-08b6-4661-9699-30a1a1362514 - Posició: (52, 217)
2026-06-13 22:10:21 info: +++ Moviment 511 guardat - Session: 8f710ff7-08b6-4661-9699-30a1a1362514 - Posició: (51, 217)
2026-06-13 22:10:21 info: +++ Moviment 512 guardat - Session: 8f710ff7-08b6-4661-9699-30a1a1362514 - Posició: (50, 217)
2026-06-13 22:10:21 info: +++ Moviment 513 guardat - Session: 8f710ff7-08b6-4661-9699-30a1a1362514 - Posició: (49, 217)
2026-06-13 22:10:21 info: +++ Moviment 514 guardat - Session: 8f710ff7-08b6-4661-9699-30a1a1362514 - Posició: (48, 217)
2026-06-13 22:10:21 info: +++ Moviment 515 guardat - Session: 8f710ff7-08b6-4661-9699-30a1a1362514 - Posició: (47, 217)
2026-06-13 22:10:21 info: +++ Moviment 516 guardat - Session: 8f710ff7-08b6-4661-9699-30a1a1362514 - Posició: (46, 217)
2026-06-13 22:10:21 info: +++ Moviment 517 guardat - Session: 8f710ff7-08b6-4661-9699-30a1a1362514 - Posició: (45, 217)
2026-06-13 22:10:21 info: +++ Moviment 518 guardat - Session: 8f710ff7-08b6-4661-9699-30a1a1362514 - Posició: (44, 217)
2026-06-13 22:10:21 info: +++ Moviment 519 guardat - Session: 8f710ff7-08b6-4661-9699-30a1a1362514 - Posició: (43, 217)
2026-06-13 22:10:21 info: +++ Moviment 520 guardat - Session: 8f710ff7-08b6-4661-9699-30a1a1362514 - Posició: (42, 217)
2026-06-13 22:10:21 info: +++ Moviment 521 guardat - Session: 8f710ff7-08b6-4661-9699-30a1a1362514 - Posició: (41, 217)
2026-06-13 22:10:21 info: +++ Moviment 522 guardat - Session: 8f710ff7-08b6-4661-9699-30a1a1362514 - Posició: (40, 217)
2026-06-13 22:10:21 info: +++ Moviment 523 guardat - Session: 8f710ff7-08b6-4661-9699-30a1a1362514 - Posició: (39, 217)
2026-06-13 22:10:21 info: +++ Moviment 524 guardat - Session: 8f710ff7-08b6-4661-9699-30a1a1362514 - Posició: (38, 217)
2026-06-13 22:10:21 info: +++ Moviment 525 guardat - Session: 8f710ff7-08b6-4661-9699-30a1a1362514 - Posició: (37, 217)
2026-06-13 22:10:21 info: +++ Moviment 526 guardat - Session: 8f710ff7-08b6-4661-9699-30a1a1362514 - Posició: (36, 217)
2026-06-13 22:10:21 info: +++ Moviment 527 guardat - Session: 8f710ff7-08b6-4661-9699-30a1a1362514 - Posició: (35, 217)
2026-06-13 22:10:21 info: +++ Moviment 528 guardat - Session: 8f710ff7-08b6-4661-9699-30a1a1362514 - Posició: (34, 217)
2026-06-13 22:10:21 info: +++ Moviment 529 guardat - Session: 8f710ff7-08b6-4661-9699-30a1a1362514 - Posició: (33, 217)
2026-06-13 22:10:21 info: +++ Moviment 530 guardat - Session: 8f710ff7-08b6-4661-9699-30a1a1362514 - Posició: (32, 217)
2026-06-13 22:10:21 info: +++ Moviment 531 guardat - Session: 8f710ff7-08b6-4661-9699-30a1a1362514 - Posició: (31, 217)
2026-06-13 22:10:21 info: +++ Moviment 532 guardat - Session: 8f710ff7-08b6-4661-9699-30a1a1362514 - Posició: (30, 217)
2026-06-13 22:10:21 info: +++ Moviment 533 guardat - Session: 8f710ff7-08b6-4661-9699-30a1a1362514 - Posició: (29, 217)
2026-06-13 22:10:21 info: +++ Moviment 534 guardat - Session: 8f710ff7-08b6-4661-9699-30a1a1362514 - Posició: (28, 217)
2026-06-13 22:10:21 info: +++ Moviment 535 guardat - Session: 8f710ff7-08b6-4661-9699-30a1a1362514 - Posició: (27, 217)
2026-06-13 22:10:21 info: +++ Moviment 536 guardat - Session: 8f710ff7-08b6-4661-9699-30a1a1362514 - Posició: (26, 217)
2026-06-13 22:10:21 info: +++ Moviment 537 guardat - Session: 8f710ff7-08b6-4661-9699-30a1a1362514 - Posició: (25, 217)
2026-06-13 22:10:21 info: +++ Moviment 538 guardat - Session: 8f710ff7-08b6-4661-9699-30a1a1362514 - Posició: (24, 217)
2026-06-13 22:10:21 info: +++ Moviment 539 guardat - Session: 8f710ff7-08b6-4661-9699-30a1a1362514 - Posició: (23, 217)
2026-06-13 22:10:21 info: +++ Moviment 540 guardat - Session: 8f710ff7-08b6-4661-9699-30a1a1362514 - Posició: (22, 217)
2026-06-13 22:10:21 info: +++ Moviment 541 guardat - Session: 8f710ff7-08b6-4661-9699-30a1a1362514 - Posició: (21, 217)
2026-06-13 22:10:21 info: +++ Moviment 542 guardat - Session: 8f710ff7-08b6-4661-9699-30a1a1362514 - Posició: (20, 217)
2026-06-13 22:10:21 info: +++ Moviment 543 guardat - Session: 8f710ff7-08b6-4661-9699-30a1a1362514 - Posició: (19, 217)
2026-06-13 22:10:22 info: +++ Moviment 544 guardat - Session: 8f710ff7-08b6-4661-9699-30a1a1362514 - Posició: (18, 217)
2026-06-13 22:10:22 info: +++ Moviment 545 guardat - Session: 8f710ff7-08b6-4661-9699-30a1a1362514 - Posició: (17, 217)
2026-06-13 22:10:22 info: +++ Moviment 546 guardat - Session: 8f710ff7-08b6-4661-9699-30a1a1362514 - Posició: (16, 217)
2026-06-13 22:10:22 info: +++ Moviment 547 guardat - Session: 8f710ff7-08b6-4661-9699-30a1a1362514 - Posició: (15, 217)
2026-06-13 22:10:22 info: +++ Moviment 548 guardat - Session: 8f710ff7-08b6-4661-9699-30a1a1362514 - Posició: (14, 217)
2026-06-13 22:10:22 info: +++ Moviment 549 guardat - Session: 8f710ff7-08b6-4661-9699-30a1a1362514 - Posició: (13, 217)
2026-06-13 22:10:22 info: +++ Moviment 550 guardat - Session: 8f710ff7-08b6-4661-9699-30a1a1362514 - Posició: (12, 217)
2026-06-13 22:10:22 info: +++ Moviment 551 guardat - Session: 8f710ff7-08b6-4661-9699-30a1a1362514 - Posició: (11, 217)
2026-06-13 22:10:22 info: +++ Moviment 552 guardat - Session: 8f710ff7-08b6-4661-9699-30a1a1362514 - Posició: (10, 217)
2026-06-13 22:10:22 info: +++ Moviment 553 guardat - Session: 8f710ff7-08b6-4661-9699-30a1a1362514 - Posició: (9, 217)
2026-06-13 22:10:22 info: +++ Moviment 554 guardat - Session: 8f710ff7-08b6-4661-9699-30a1a1362514 - Posició: (8, 217)
2026-06-13 22:10:22 info: +++ Moviment 555 guardat - Session: 8f710ff7-08b6-4661-9699-30a1a1362514 - Posició: (7, 217)
2026-06-13 22:10:22 info: +++ Moviment 556 guardat - Session: 8f710ff7-08b6-4661-9699-30a1a1362514 - Posició: (6, 217)
2026-06-13 22:10:22 info: +++ Moviment 557 guardat - Session: 8f710ff7-08b6-4661-9699-30a1a1362514 - Posició: (5, 217)
2026-06-13 22:10:22 info: +++ Moviment 558 guardat - Session: 8f710ff7-08b6-4661-9699-30a1a1362514 - Posició: (4, 217)
2026-06-13 22:10:22 info: +++ Moviment 559 guardat - Session: 8f710ff7-08b6-4661-9699-30a1a1362514 - Posició: (3, 217)
2026-06-13 22:10:22 info: +++ Moviment 560 guardat - Session: 8f710ff7-08b6-4661-9699-30a1a1362514 - Posició: (2, 217)
2026-06-13 22:10:22 info: +++ Moviment 561 guardat - Session: 8f710ff7-08b6-4661-9699-30a1a1362514 - Posició: (1, 217)
2026-06-13 22:10:22 info: +++ Moviment 562 guardat - Session: 8f710ff7-08b6-4661-9699-30a1a1362514 - Posició: (0, 217)
2026-06-13 22:10:22 info: +++ Moviment 563 guardat - Session: 8f710ff7-08b6-4661-9699-30a1a1362514 - Posició: (-1, 217)
2026-06-13 22:10:22 info: +++ Moviment 564 guardat - Session: 8f710ff7-08b6-4661-9699-30a1a1362514 - Posició: (-2, 217)
2026-06-13 22:10:22 info: +++ Moviment 565 guardat - Session: 8f710ff7-08b6-4661-9699-30a1a1362514 - Posició: (-3, 217)
2026-06-13 22:10:22 info: +++ Moviment 566 guardat - Session: 8f710ff7-08b6-4661-9699-30a1a1362514 - Posició: (-4, 217)
2026-06-13 22:10:22 info: +++ Moviment 567 guardat - Session: 8f710ff7-08b6-4661-9699-30a1a1362514 - Posició: (-5, 217)
2026-06-13 22:10:22 info: +++ Moviment 568 guardat - Session: 8f710ff7-08b6-4661-9699-30a1a1362514 - Posició: (-6, 217)
2026-06-13 22:10:22 info: +++ Moviment 569 guardat - Session: 8f710ff7-08b6-4661-9699-30a1a1362514 - Posició: (-7, 217)
2026-06-13 22:10:22 info: +++ Moviment 570 guardat - Session: 8f710ff7-08b6-4661-9699-30a1a1362514 - Posició: (-8, 217)
2026-06-13 22:10:22 info: +++ Moviment 571 guardat - Session: 8f710ff7-08b6-4661-9699-30a1a1362514 - Posició: (-9, 217)
2026-06-13 22:10:22 info: +++ Moviment 572 guardat - Session: 8f710ff7-08b6-4661-9699-30a1a1362514 - Posició: (-10, 217)
2026-06-13 22:10:22 info: +++ Moviment 573 guardat - Session: 8f710ff7-08b6-4661-9699-30a1a1362514 - Posició: (-11, 217)
2026-06-13 22:10:22 info: +++ Moviment 574 guardat - Session: 8f710ff7-08b6-4661-9699-30a1a1362514 - Posició: (-12, 217)
2026-06-13 22:10:22 info: +++ Moviment 575 guardat - Session: 8f710ff7-08b6-4661-9699-30a1a1362514 - Posició: (-13, 217)
2026-06-13 22:10:22 info: +++ Moviment 576 guardat - Session: 8f710ff7-08b6-4661-9699-30a1a1362514 - Posició: (-14, 217)
2026-06-13 22:10:23 info: +++ Moviment 577 guardat - Session: 8f710ff7-08b6-4661-9699-30a1a1362514 - Posició: (-15, 217)
2026-06-13 22:10:23 info: +++ Moviment 578 guardat - Session: 8f710ff7-08b6-4661-9699-30a1a1362514 - Posició: (-16, 217)
2026-06-13 22:10:23 info: +++ Moviment 579 guardat - Session: 8f710ff7-08b6-4661-9699-30a1a1362514 - Posició: (-17, 217)
2026-06-13 22:10:23 info: +++ Moviment 580 guardat - Session: 8f710ff7-08b6-4661-9699-30a1a1362514 - Posició: (-18, 217)
2026-06-13 22:10:23 info: +++ Moviment 581 guardat - Session: 8f710ff7-08b6-4661-9699-30a1a1362514 - Posició: (-19, 217)
2026-06-13 22:10:23 info: +++ Moviment 582 guardat - Session: 8f710ff7-08b6-4661-9699-30a1a1362514 - Posició: (-20, 217)
2026-06-13 22:10:23 info: +++ Moviment 583 guardat - Session: 8f710ff7-08b6-4661-9699-30a1a1362514 - Posició: (-21, 217)
2026-06-13 22:10:23 info: +++ Moviment 584 guardat - Session: 8f710ff7-08b6-4661-9699-30a1a1362514 - Posició: (-22, 217)
2026-06-13 22:10:23 info: +++ Moviment 585 guardat - Session: 8f710ff7-08b6-4661-9699-30a1a1362514 - Posició: (-23, 217)
2026-06-13 22:10:23 info: +++ Moviment 586 guardat - Session: 8f710ff7-08b6-4661-9699-30a1a1362514 - Posició: (-24, 217)
2026-06-13 22:10:23 info: +++ Moviment 587 guardat - Session: 8f710ff7-08b6-4661-9699-30a1a1362514 - Posició: (-25, 217)
2026-06-13 22:10:23 info: +++ Moviment 588 guardat - Session: 8f710ff7-08b6-4661-9699-30a1a1362514 - Posició: (-26, 217)
2026-06-13 22:10:23 info: +++ Moviment 589 guardat - Session: 8f710ff7-08b6-4661-9699-30a1a1362514 - Posició: (-27, 217)
2026-06-13 22:10:23 info: +++ Moviment 590 guardat - Session: 8f710ff7-08b6-4661-9699-30a1a1362514 - Posició: (-28, 217)
2026-06-13 22:10:23 info: +++ Moviment 591 guardat - Session: 8f710ff7-08b6-4661-9699-30a1a1362514 - Posició: (-29, 217)
2026-06-13 22:10:23 info: +++ Moviment 592 guardat - Session: 8f710ff7-08b6-4661-9699-30a1a1362514 - Posició: (-30, 217)
2026-06-13 22:10:23 info: +++ Moviment 593 guardat - Session: 8f710ff7-08b6-4661-9699-30a1a1362514 - Posició: (-31, 217)
2026-06-13 22:10:23 info: +++ Moviment 594 guardat - Session: 8f710ff7-08b6-4661-9699-30a1a1362514 - Posició: (-32, 217)
2026-06-13 22:10:23 info: +++ Moviment 595 guardat - Session: 8f710ff7-08b6-4661-9699-30a1a1362514 - Posició: (-33, 217)
2026-06-13 22:10:23 info: +++ Moviment 596 guardat - Session: 8f710ff7-08b6-4661-9699-30a1a1362514 - Posició: (-34, 217)
2026-06-13 22:10:23 info: +++ Moviment 597 guardat - Session: 8f710ff7-08b6-4661-9699-30a1a1362514 - Posició: (-35, 217)
2026-06-13 22:10:23 info: +++ Moviment 598 guardat - Session: 8f710ff7-08b6-4661-9699-30a1a1362514 - Posició: (-36, 217)
2026-06-13 22:10:23 info: +++ Moviment 599 guardat - Session: 8f710ff7-08b6-4661-9699-30a1a1362514 - Posició: (-37, 217)
2026-06-13 22:10:23 info: +++ Moviment 600 guardat - Session: 8f710ff7-08b6-4661-9699-30a1a1362514 - Posició: (-38, 217)
2026-06-13 22:10:23 info: +++ Moviment 601 guardat - Session: 8f710ff7-08b6-4661-9699-30a1a1362514 - Posició: (-39, 217)
2026-06-13 22:10:23 info: +++ Moviment 602 guardat - Session: 8f710ff7-08b6-4661-9699-30a1a1362514 - Posició: (-40, 217)
2026-06-13 22:10:23 info: +++ Moviment 603 guardat - Session: 8f710ff7-08b6-4661-9699-30a1a1362514 - Posició: (-41, 217)
2026-06-13 22:10:23 info: +++ Moviment 604 guardat - Session: 8f710ff7-08b6-4661-9699-30a1a1362514 - Posició: (-42, 217)
2026-06-13 22:10:23 info: +++ Moviment 605 guardat - Session: 8f710ff7-08b6-4661-9699-30a1a1362514 - Posició: (-43, 217)
2026-06-13 22:10:23 info: +++ Moviment 606 guardat - Session: 8f710ff7-08b6-4661-9699-30a1a1362514 - Posició: (-44, 217)
2026-06-13 22:10:23 info: +++ Moviment 607 guardat - Session: 8f710ff7-08b6-4661-9699-30a1a1362514 - Posició: (-45, 217)
2026-06-13 22:10:23 info: +++ Moviment 608 guardat - Session: 8f710ff7-08b6-4661-9699-30a1a1362514 - Posició: (-46, 217)
2026-06-13 22:10:23 info: +++ Moviment 609 guardat - Session: 8f710ff7-08b6-4661-9699-30a1a1362514 - Posició: (-47, 217)
2026-06-13 22:10:24 info: +++ Moviment 610 guardat - Session: 8f710ff7-08b6-4661-9699-30a1a1362514 - Posició: (-48, 217)
2026-06-13 22:10:24 info: +++ Moviment 611 guardat - Session: 8f710ff7-08b6-4661-9699-30a1a1362514 - Posició: (-49, 217)
2026-06-13 22:10:24 info: +++ Moviment 612 guardat - Session: 8f710ff7-08b6-4661-9699-30a1a1362514 - Posició: (-50, 217)
2026-06-13 22:10:24 info: +++ Moviment 613 guardat - Session: 8f710ff7-08b6-4661-9699-30a1a1362514 - Posició: (-51, 217)
2026-06-13 22:10:24 info: +++ Moviment 614 guardat - Session: 8f710ff7-08b6-4661-9699-30a1a1362514 - Posició: (-52, 217)
2026-06-13 22:10:24 info: +++ Moviment 615 guardat - Session: 8f710ff7-08b6-4661-9699-30a1a1362514 - Posició: (-53, 217)
2026-06-13 22:10:24 info: +++ Moviment 616 guardat - Session: 8f710ff7-08b6-4661-9699-30a1a1362514 - Posició: (-54, 217)
2026-06-13 22:10:24 info: +++ Moviment 617 guardat - Session: 8f710ff7-08b6-4661-9699-30a1a1362514 - Posició: (-55, 217)
2026-06-13 22:10:24 info: +++ Moviment 618 guardat - Session: 8f710ff7-08b6-4661-9699-30a1a1362514 - Posició: (-56, 217)
2026-06-13 22:10:24 info: +++ Moviment 619 guardat - Session: 8f710ff7-08b6-4661-9699-30a1a1362514 - Posició: (-57, 217)
2026-06-13 22:10:24 info: +++ Moviment 620 guardat - Session: 8f710ff7-08b6-4661-9699-30a1a1362514 - Posició: (-58, 217)
2026-06-13 22:10:24 info: +++ Moviment 621 guardat - Session: 8f710ff7-08b6-4661-9699-30a1a1362514 - Posició: (-59, 217)
2026-06-13 22:10:24 info: +++ Moviment 622 guardat - Session: 8f710ff7-08b6-4661-9699-30a1a1362514 - Posició: (-60, 217)
2026-06-13 22:10:24 info: +++ Moviment 623 guardat - Session: 8f710ff7-08b6-4661-9699-30a1a1362514 - Posició: (-61, 217)
2026-06-13 22:10:24 info: +++ Moviment 624 guardat - Session: 8f710ff7-08b6-4661-9699-30a1a1362514 - Posició: (-62, 217)
2026-06-13 22:10:24 info: +++ Moviment 625 guardat - Session: 8f710ff7-08b6-4661-9699-30a1a1362514 - Posició: (-63, 217)
2026-06-13 22:10:24 info: +++ Moviment 626 guardat - Session: 8f710ff7-08b6-4661-9699-30a1a1362514 - Posició: (-64, 217)
2026-06-13 22:10:24 info: +++ Moviment 627 guardat - Session: 8f710ff7-08b6-4661-9699-30a1a1362514 - Posició: (-65, 217)
2026-06-13 22:10:24 info: +++ Moviment 628 guardat - Session: 8f710ff7-08b6-4661-9699-30a1a1362514 - Posició: (-66, 217)
2026-06-13 22:10:24 info: +++ Moviment 629 guardat - Session: 8f710ff7-08b6-4661-9699-30a1a1362514 - Posició: (-67, 217)
2026-06-13 22:10:24 info: +++ Moviment 630 guardat - Session: 8f710ff7-08b6-4661-9699-30a1a1362514 - Posició: (-68, 217)
2026-06-13 22:10:24 info: +++ Moviment 631 guardat - Session: 8f710ff7-08b6-4661-9699-30a1a1362514 - Posició: (-69, 217)
2026-06-13 22:10:24 info: +++ Moviment 632 guardat - Session: 8f710ff7-08b6-4661-9699-30a1a1362514 - Posició: (-70, 217)
2026-06-13 22:10:24 info: +++ Moviment 633 guardat - Session: 8f710ff7-08b6-4661-9699-30a1a1362514 - Posició: (-71, 217)
2026-06-13 22:10:24 info: +++ Moviment 634 guardat - Session: 8f710ff7-08b6-4661-9699-30a1a1362514 - Posició: (-72, 217)
2026-06-13 22:10:24 info: +++ Moviment 635 guardat - Session: 8f710ff7-08b6-4661-9699-30a1a1362514 - Posició: (-73, 217)
2026-06-13 22:10:24 info: +++ Moviment 636 guardat - Session: 8f710ff7-08b6-4661-9699-30a1a1362514 - Posició: (-74, 217)
2026-06-13 22:10:24 info: +++ Moviment 637 guardat - Session: 8f710ff7-08b6-4661-9699-30a1a1362514 - Posició: (-75, 217)
2026-06-13 22:10:24 info: +++ Moviment 638 guardat - Session: 8f710ff7-08b6-4661-9699-30a1a1362514 - Posició: (-76, 217)
2026-06-13 22:10:24 info: +++ Moviment 639 guardat - Session: 8f710ff7-08b6-4661-9699-30a1a1362514 - Posició: (-77, 217)
2026-06-13 22:10:24 info: +++ Moviment 640 guardat - Session: 8f710ff7-08b6-4661-9699-30a1a1362514 - Posició: (-78, 217)
2026-06-13 22:10:24 info: +++ Moviment 641 guardat - Session: 8f710ff7-08b6-4661-9699-30a1a1362514 - Posició: (-79, 217)
2026-06-13 22:10:24 info: +++ Moviment 642 guardat - Session: 8f710ff7-08b6-4661-9699-30a1a1362514 - Posició: (-80, 217)
2026-06-13 22:10:25 info: +++ Moviment 643 guardat - Session: 8f710ff7-08b6-4661-9699-30a1a1362514 - Posició: (-81, 217)
2026-06-13 22:10:25 info: +++ Moviment 644 guardat - Session: 8f710ff7-08b6-4661-9699-30a1a1362514 - Posició: (-82, 217)
2026-06-13 22:10:25 info: +++ Moviment 645 guardat - Session: 8f710ff7-08b6-4661-9699-30a1a1362514 - Posició: (-83, 217)
2026-06-13 22:10:25 info: +++ Moviment 646 guardat - Session: 8f710ff7-08b6-4661-9699-30a1a1362514 - Posició: (-84, 217)
2026-06-13 22:10:25 info: +++ Moviment 647 guardat - Session: 8f710ff7-08b6-4661-9699-30a1a1362514 - Posició: (-85, 217)
2026-06-13 22:10:25 info: +++ Moviment 648 guardat - Session: 8f710ff7-08b6-4661-9699-30a1a1362514 - Posició: (-86, 217)
2026-06-13 22:10:25 info: +++ Moviment 649 guardat - Session: 8f710ff7-08b6-4661-9699-30a1a1362514 - Posició: (-87, 217)
2026-06-13 22:10:25 info: +++ Moviment 650 guardat - Session: 8f710ff7-08b6-4661-9699-30a1a1362514 - Posició: (-88, 217)
2026-06-13 22:10:25 info: +++ Moviment 651 guardat - Session: 8f710ff7-08b6-4661-9699-30a1a1362514 - Posició: (-89, 217)
2026-06-13 22:10:25 info: +++ Moviment 652 guardat - Session: 8f710ff7-08b6-4661-9699-30a1a1362514 - Posició: (-90, 217)
2026-06-13 22:10:25 info: +++ Moviment 653 guardat - Session: 8f710ff7-08b6-4661-9699-30a1a1362514 - Posició: (-91, 217)
2026-06-13 22:10:25 info: +++ Moviment 654 guardat - Session: 8f710ff7-08b6-4661-9699-30a1a1362514 - Posició: (-92, 217)
2026-06-13 22:10:25 info: +++ Moviment 655 guardat - Session: 8f710ff7-08b6-4661-9699-30a1a1362514 - Posició: (-93, 217)
2026-06-13 22:10:25 info: +++ Moviment 656 guardat - Session: 8f710ff7-08b6-4661-9699-30a1a1362514 - Posició: (-94, 217)
2026-06-13 22:10:25 info: +++ Moviment 657 guardat - Session: 8f710ff7-08b6-4661-9699-30a1a1362514 - Posició: (-95, 217)
2026-06-13 22:10:25 info: +++ Moviment 658 guardat - Session: 8f710ff7-08b6-4661-9699-30a1a1362514 - Posició: (-96, 217)
2026-06-13 22:10:25 info: +++ Moviment 659 guardat - Session: 8f710ff7-08b6-4661-9699-30a1a1362514 - Posició: (-97, 217)
2026-06-13 22:10:25 info: +++ Moviment 660 guardat - Session: 8f710ff7-08b6-4661-9699-30a1a1362514 - Posició: (-98, 217)
2026-06-13 22:10:25 info: +++ Moviment 661 guardat - Session: 8f710ff7-08b6-4661-9699-30a1a1362514 - Posició: (-99, 217)
2026-06-13 22:10:25 info: +++ Moviment 662 guardat - Session: 8f710ff7-08b6-4661-9699-30a1a1362514 - Posició: (-100, 217)
2026-06-13 22:10:25 info: +++ Moviment 663 guardat - Session: 8f710ff7-08b6-4661-9699-30a1a1362514 - Posició: (-101, 217)
2026-06-13 22:10:25 info: +++ Moviment 664 guardat - Session: 8f710ff7-08b6-4661-9699-30a1a1362514 - Posició: (-102, 217)
2026-06-13 22:10:25 info: +++ Moviment 665 guardat - Session: 8f710ff7-08b6-4661-9699-30a1a1362514 - Posició: (-103, 217)
2026-06-13 22:10:25 info: +++ Moviment 666 guardat - Session: 8f710ff7-08b6-4661-9699-30a1a1362514 - Posició: (-104, 217)
2026-06-13 22:10:25 info: +++ Moviment 667 guardat - Session: 8f710ff7-08b6-4661-9699-30a1a1362514 - Posició: (-105, 217)
2026-06-13 22:10:25 info: +++ Moviment 668 guardat - Session: 8f710ff7-08b6-4661-9699-30a1a1362514 - Posició: (-106, 217)
2026-06-13 22:10:25 info: +++ Moviment 669 guardat - Session: 8f710ff7-08b6-4661-9699-30a1a1362514 - Posició: (-107, 217)
2026-06-13 22:10:25 info: +++ Moviment 670 guardat - Session: 8f710ff7-08b6-4661-9699-30a1a1362514 - Posició: (-108, 217)
2026-06-13 22:10:25 info: +++ Moviment 671 guardat - Session: 8f710ff7-08b6-4661-9699-30a1a1362514 - Posició: (-109, 217)
2026-06-13 22:10:25 info: +++ Moviment 672 guardat - Session: 8f710ff7-08b6-4661-9699-30a1a1362514 - Posició: (-110, 217)
2026-06-13 22:10:25 info: +++ Moviment 673 guardat - Session: 8f710ff7-08b6-4661-9699-30a1a1362514 - Posició: (-111, 217)
2026-06-13 22:10:25 info: +++ Moviment 674 guardat - Session: 8f710ff7-08b6-4661-9699-30a1a1362514 - Posició: (-112, 217)
2026-06-13 22:10:25 info: +++ Moviment 675 guardat - Session: 8f710ff7-08b6-4661-9699-30a1a1362514 - Posició: (-113, 217)
2026-06-13 22:10:26 info: +++ Moviment 676 guardat - Session: 8f710ff7-08b6-4661-9699-30a1a1362514 - Posició: (-114, 217)
2026-06-13 22:10:26 info: +++ Moviment 677 guardat - Session: 8f710ff7-08b6-4661-9699-30a1a1362514 - Posició: (-115, 217)
2026-06-13 22:10:26 info: +++ Moviment 678 guardat - Session: 8f710ff7-08b6-4661-9699-30a1a1362514 - Posició: (-116, 217)
2026-06-13 22:10:26 info: +++ Moviment 679 guardat - Session: 8f710ff7-08b6-4661-9699-30a1a1362514 - Posició: (-117, 217)
2026-06-13 22:10:36 info: Timeout activat per sessió: 8f710ff7-08b6-4661-9699-30a1a1362514
2026-06-13 22:10:36 info: === Partida finalitzada === 
2026-06-13 22:10:36 info:  SessionID: 8f710ff7-08b6-4661-9699-30a1a1362514
2026-06-13 22:10:36 info:  Raó: inactivity_timeout
2026-06-13 22:10:36 info:  Distància: 246.53
2026-06-13 22:10:36 info:  Moviments: 679
2026-06-13 22:10:36 info:  Durada: 33979ms
2026-06-13 22:58:20 info: +++ Nova partida iniciada - Session: 54cba284-79f4-4ef7-b15c-2faf280a2b97, Player: player_756, Posició inicial: (0, 0)
2026-06-13 22:58:20 info: +++ Moviment 1 guardat - Session: 54cba284-79f4-4ef7-b15c-2faf280a2b97 - Posició: (0, 0)
2026-06-13 22:58:25 info: +++ Moviment 2 guardat - Session: 54cba284-79f4-4ef7-b15c-2faf280a2b97 - Posició: (-1, 0)
2026-06-13 22:58:25 info: +++ Moviment 3 guardat - Session: 54cba284-79f4-4ef7-b15c-2faf280a2b97 - Posició: (-1, -1)
2026-06-13 22:58:25 info: +++ Moviment 4 guardat - Session: 54cba284-79f4-4ef7-b15c-2faf280a2b97 - Posició: (-1, 0)
2026-06-13 22:58:25 info: +++ Moviment 5 guardat - Session: 54cba284-79f4-4ef7-b15c-2faf280a2b97 - Posició: (0, 0)
2026-06-13 22:58:27 info: <<< Client desconnectat: ::ffff:127.0.0.1
2026-06-13 22:58:32 info: +++ Nova partida iniciada - Session: cfdbb84e-f994-4495-a57e-81703b5831ab, Player: player_498, Posició inicial: (0, 0)
2026-06-13 22:58:32 info: +++ Moviment 1 guardat - Session: cfdbb84e-f994-4495-a57e-81703b5831ab - Posició: (0, 0)
2026-06-13 22:58:32 info: <<< Client desconnectat: ::ffff:127.0.0.1
2026-06-13 22:58:35 info: Timeout activat per sessió: 54cba284-79f4-4ef7-b15c-2faf280a2b97
2026-06-13 22:58:35 info: === Partida finalitzada === 
2026-06-13 22:58:35 info:  SessionID: 54cba284-79f4-4ef7-b15c-2faf280a2b97
2026-06-13 22:58:35 info:  Raó: inactivity_timeout
2026-06-13 22:58:35 info:  Distància: 0.00
2026-06-13 22:58:35 info:  Moviments: 5
2026-06-13 22:58:35 info:  Durada: 14987ms
2026-06-13 22:58:42 info: Timeout activat per sessió: cfdbb84e-f994-4495-a57e-81703b5831ab
2026-06-13 22:58:42 info: === Partida finalitzada === 
2026-06-13 22:58:42 info:  SessionID: cfdbb84e-f994-4495-a57e-81703b5831ab
2026-06-13 22:58:42 info:  Raó: inactivity_timeout
2026-06-13 22:58:42 info:  Distància: 0.00
2026-06-13 22:58:42 info:  Moviments: 1
2026-06-13 22:58:42 info:  Durada: 10002ms
2026-06-13 22:59:30 info: <<< Tancant servidor...
2026-06-13 22:59:35 info: Connectant a MongoDB...
2026-06-13 22:59:35 info: >>> Connectat a MongoDB: game_db
2026-06-13 22:59:35 info: >>> Col·lecció: movements
2026-06-13 22:59:35 info: >>> Servidor preparat. Timeout d'inactivitat: 10000ms
2026-06-13 22:59:35 info: >>> Servidor WebSocket escoltant al port 8080
2026-06-13 22:59:39 info: >>> Nou client connectat: ::ffff:127.0.0.1
2026-06-13 22:59:39 info: +++ Nova partida iniciada - Session: 559df783-a16b-4356-b7b5-bcf19203d8cf, Player: player_709, Posició inicial: (0, 0)
2026-06-13 22:59:39 info: +++ Moviment 1 guardat - Session: 559df783-a16b-4356-b7b5-bcf19203d8cf - Posició: (0, 0)
2026-06-13 22:59:40 info: >>> Nou client connectat: ::ffff:127.0.0.1
2026-06-13 22:59:40 info: +++ Nova partida iniciada - Session: 26d5491b-9fab-4bd6-8dce-84178aa58527, Player: player_481, Posició inicial: (0, 0)
2026-06-13 22:59:40 info: +++ Moviment 1 guardat - Session: 26d5491b-9fab-4bd6-8dce-84178aa58527 - Posició: (0, 0)
2026-06-13 22:59:43 info: +++ Moviment 2 guardat - Session: 559df783-a16b-4356-b7b5-bcf19203d8cf - Posició: (0, 1)
2026-06-13 22:59:44 info: +++ Moviment 3 guardat - Session: 559df783-a16b-4356-b7b5-bcf19203d8cf - Posició: (0, 0)
2026-06-13 22:59:44 info: +++ Moviment 4 guardat - Session: 559df783-a16b-4356-b7b5-bcf19203d8cf - Posició: (0, -1)
2026-06-13 22:59:45 info: +++ Moviment 5 guardat - Session: 559df783-a16b-4356-b7b5-bcf19203d8cf - Posició: (-1, -1)
2026-06-13 22:59:45 info: +++ Moviment 6 guardat - Session: 559df783-a16b-4356-b7b5-bcf19203d8cf - Posició: (-2, -1)
2026-06-13 22:59:46 info: +++ Moviment 2 guardat - Session: 26d5491b-9fab-4bd6-8dce-84178aa58527 - Posició: (1, 0)
2026-06-13 22:59:47 info: +++ Moviment 3 guardat - Session: 26d5491b-9fab-4bd6-8dce-84178aa58527 - Posició: (2, 0)
2026-06-13 22:59:48 info: +++ Moviment 4 guardat - Session: 26d5491b-9fab-4bd6-8dce-84178aa58527 - Posició: (3, 0)
2026-06-13 22:59:48 info: +++ Moviment 5 guardat - Session: 26d5491b-9fab-4bd6-8dce-84178aa58527 - Posició: (4, 0)
2026-06-13 22:59:48 info: +++ Moviment 6 guardat - Session: 26d5491b-9fab-4bd6-8dce-84178aa58527 - Posició: (5, 0)
2026-06-13 22:59:48 info: +++ Moviment 7 guardat - Session: 26d5491b-9fab-4bd6-8dce-84178aa58527 - Posició: (6, 0)
2026-06-13 22:59:48 info: +++ Moviment 8 guardat - Session: 26d5491b-9fab-4bd6-8dce-84178aa58527 - Posició: (7, 0)
2026-06-13 22:59:48 info: +++ Moviment 9 guardat - Session: 26d5491b-9fab-4bd6-8dce-84178aa58527 - Posició: (8, 0)
2026-06-13 22:59:48 info: +++ Moviment 10 guardat - Session: 26d5491b-9fab-4bd6-8dce-84178aa58527 - Posició: (9, 0)
2026-06-13 22:59:48 info: +++ Moviment 11 guardat - Session: 26d5491b-9fab-4bd6-8dce-84178aa58527 - Posició: (10, 0)
2026-06-13 22:59:48 info: +++ Moviment 12 guardat - Session: 26d5491b-9fab-4bd6-8dce-84178aa58527 - Posició: (11, 0)
2026-06-13 22:59:48 info: +++ Moviment 13 guardat - Session: 26d5491b-9fab-4bd6-8dce-84178aa58527 - Posició: (12, 0)
2026-06-13 22:59:48 info: +++ Moviment 14 guardat - Session: 26d5491b-9fab-4bd6-8dce-84178aa58527 - Posició: (13, 0)
2026-06-13 22:59:49 info: +++ Moviment 15 guardat - Session: 26d5491b-9fab-4bd6-8dce-84178aa58527 - Posició: (14, 0)
2026-06-13 22:59:49 info: +++ Moviment 16 guardat - Session: 26d5491b-9fab-4bd6-8dce-84178aa58527 - Posició: (15, 0)
2026-06-13 22:59:49 info: +++ Moviment 17 guardat - Session: 26d5491b-9fab-4bd6-8dce-84178aa58527 - Posició: (16, 0)
2026-06-13 22:59:49 info: +++ Moviment 18 guardat - Session: 26d5491b-9fab-4bd6-8dce-84178aa58527 - Posició: (17, 0)
2026-06-13 22:59:49 info: +++ Moviment 19 guardat - Session: 26d5491b-9fab-4bd6-8dce-84178aa58527 - Posició: (18, 0)
2026-06-13 22:59:49 info: +++ Moviment 20 guardat - Session: 26d5491b-9fab-4bd6-8dce-84178aa58527 - Posició: (19, 0)
2026-06-13 22:59:49 info: +++ Moviment 21 guardat - Session: 26d5491b-9fab-4bd6-8dce-84178aa58527 - Posició: (20, 0)
2026-06-13 22:59:49 info: +++ Moviment 22 guardat - Session: 26d5491b-9fab-4bd6-8dce-84178aa58527 - Posició: (21, 0)
2026-06-13 22:59:49 info: +++ Moviment 23 guardat - Session: 26d5491b-9fab-4bd6-8dce-84178aa58527 - Posició: (22, 0)
2026-06-13 22:59:49 info: +++ Moviment 24 guardat - Session: 26d5491b-9fab-4bd6-8dce-84178aa58527 - Posició: (23, 0)
2026-06-13 22:59:49 info: +++ Moviment 25 guardat - Session: 26d5491b-9fab-4bd6-8dce-84178aa58527 - Posició: (24, 0)
2026-06-13 22:59:49 info: +++ Moviment 26 guardat - Session: 26d5491b-9fab-4bd6-8dce-84178aa58527 - Posició: (25, 0)
2026-06-13 22:59:49 info: +++ Moviment 27 guardat - Session: 26d5491b-9fab-4bd6-8dce-84178aa58527 - Posició: (26, 0)
2026-06-13 22:59:49 info: +++ Moviment 28 guardat - Session: 26d5491b-9fab-4bd6-8dce-84178aa58527 - Posició: (27, 0)
2026-06-13 22:59:49 info: +++ Moviment 29 guardat - Session: 26d5491b-9fab-4bd6-8dce-84178aa58527 - Posició: (28, 0)
2026-06-13 22:59:49 info: +++ Moviment 30 guardat - Session: 26d5491b-9fab-4bd6-8dce-84178aa58527 - Posició: (29, 0)
2026-06-13 22:59:49 info: +++ Moviment 31 guardat - Session: 26d5491b-9fab-4bd6-8dce-84178aa58527 - Posició: (30, 0)
2026-06-13 22:59:49 info: +++ Moviment 32 guardat - Session: 26d5491b-9fab-4bd6-8dce-84178aa58527 - Posició: (31, 0)
2026-06-13 22:59:49 info: +++ Moviment 33 guardat - Session: 26d5491b-9fab-4bd6-8dce-84178aa58527 - Posició: (32, 0)
2026-06-13 22:59:49 info: +++ Moviment 34 guardat - Session: 26d5491b-9fab-4bd6-8dce-84178aa58527 - Posició: (33, 0)
2026-06-13 22:59:49 info: +++ Moviment 35 guardat - Session: 26d5491b-9fab-4bd6-8dce-84178aa58527 - Posició: (34, 0)
2026-06-13 22:59:49 info: +++ Moviment 36 guardat - Session: 26d5491b-9fab-4bd6-8dce-84178aa58527 - Posició: (35, 0)
2026-06-13 22:59:49 info: +++ Moviment 37 guardat - Session: 26d5491b-9fab-4bd6-8dce-84178aa58527 - Posició: (36, 0)
2026-06-13 22:59:49 info: +++ Moviment 38 guardat - Session: 26d5491b-9fab-4bd6-8dce-84178aa58527 - Posició: (37, 0)
2026-06-13 22:59:49 info: +++ Moviment 39 guardat - Session: 26d5491b-9fab-4bd6-8dce-84178aa58527 - Posició: (38, 0)
2026-06-13 22:59:49 info: +++ Moviment 40 guardat - Session: 26d5491b-9fab-4bd6-8dce-84178aa58527 - Posició: (39, 0)
2026-06-13 22:59:49 info: +++ Moviment 41 guardat - Session: 26d5491b-9fab-4bd6-8dce-84178aa58527 - Posició: (40, 0)
2026-06-13 22:59:49 info: +++ Moviment 42 guardat - Session: 26d5491b-9fab-4bd6-8dce-84178aa58527 - Posició: (41, 0)
2026-06-13 22:59:49 info: +++ Moviment 43 guardat - Session: 26d5491b-9fab-4bd6-8dce-84178aa58527 - Posició: (42, 0)
2026-06-13 22:59:49 info: +++ Moviment 44 guardat - Session: 26d5491b-9fab-4bd6-8dce-84178aa58527 - Posició: (43, 0)
2026-06-13 22:59:49 info: +++ Moviment 45 guardat - Session: 26d5491b-9fab-4bd6-8dce-84178aa58527 - Posició: (44, 0)
2026-06-13 22:59:49 info: +++ Moviment 46 guardat - Session: 26d5491b-9fab-4bd6-8dce-84178aa58527 - Posició: (45, 0)
2026-06-13 22:59:49 info: +++ Moviment 47 guardat - Session: 26d5491b-9fab-4bd6-8dce-84178aa58527 - Posició: (46, 0)
2026-06-13 22:59:50 info: +++ Moviment 48 guardat - Session: 26d5491b-9fab-4bd6-8dce-84178aa58527 - Posició: (47, 0)
2026-06-13 22:59:50 info: +++ Moviment 49 guardat - Session: 26d5491b-9fab-4bd6-8dce-84178aa58527 - Posició: (48, 0)
2026-06-13 22:59:50 info: +++ Moviment 50 guardat - Session: 26d5491b-9fab-4bd6-8dce-84178aa58527 - Posició: (49, 0)
2026-06-13 22:59:50 info: +++ Moviment 51 guardat - Session: 26d5491b-9fab-4bd6-8dce-84178aa58527 - Posició: (50, 0)
2026-06-13 22:59:50 info: +++ Moviment 52 guardat - Session: 26d5491b-9fab-4bd6-8dce-84178aa58527 - Posició: (51, 0)
2026-06-13 22:59:50 info: +++ Moviment 53 guardat - Session: 26d5491b-9fab-4bd6-8dce-84178aa58527 - Posició: (52, 0)
2026-06-13 22:59:50 info: +++ Moviment 54 guardat - Session: 26d5491b-9fab-4bd6-8dce-84178aa58527 - Posició: (53, 0)
2026-06-13 22:59:50 info: +++ Moviment 55 guardat - Session: 26d5491b-9fab-4bd6-8dce-84178aa58527 - Posició: (54, 0)
2026-06-13 22:59:50 info: +++ Moviment 56 guardat - Session: 26d5491b-9fab-4bd6-8dce-84178aa58527 - Posició: (55, 0)
2026-06-13 22:59:50 info: +++ Moviment 57 guardat - Session: 26d5491b-9fab-4bd6-8dce-84178aa58527 - Posició: (56, 0)
2026-06-13 22:59:50 info: +++ Moviment 58 guardat - Session: 26d5491b-9fab-4bd6-8dce-84178aa58527 - Posició: (57, 0)
2026-06-13 22:59:50 info: +++ Moviment 59 guardat - Session: 26d5491b-9fab-4bd6-8dce-84178aa58527 - Posició: (58, 0)
2026-06-13 22:59:50 info: +++ Moviment 60 guardat - Session: 26d5491b-9fab-4bd6-8dce-84178aa58527 - Posició: (59, 0)
2026-06-13 22:59:50 info: +++ Moviment 61 guardat - Session: 26d5491b-9fab-4bd6-8dce-84178aa58527 - Posició: (60, 0)
2026-06-13 22:59:50 info: +++ Moviment 62 guardat - Session: 26d5491b-9fab-4bd6-8dce-84178aa58527 - Posició: (61, 0)
2026-06-13 22:59:50 info: +++ Moviment 63 guardat - Session: 26d5491b-9fab-4bd6-8dce-84178aa58527 - Posició: (62, 0)
2026-06-13 22:59:50 info: +++ Moviment 64 guardat - Session: 26d5491b-9fab-4bd6-8dce-84178aa58527 - Posició: (63, 0)
2026-06-13 22:59:50 info: +++ Moviment 65 guardat - Session: 26d5491b-9fab-4bd6-8dce-84178aa58527 - Posició: (64, 0)
2026-06-13 22:59:50 info: +++ Moviment 66 guardat - Session: 26d5491b-9fab-4bd6-8dce-84178aa58527 - Posició: (65, 0)
2026-06-13 22:59:50 info: +++ Moviment 67 guardat - Session: 26d5491b-9fab-4bd6-8dce-84178aa58527 - Posició: (66, 0)
2026-06-13 22:59:50 info: +++ Moviment 68 guardat - Session: 26d5491b-9fab-4bd6-8dce-84178aa58527 - Posició: (67, 0)
2026-06-13 22:59:50 info: +++ Moviment 69 guardat - Session: 26d5491b-9fab-4bd6-8dce-84178aa58527 - Posició: (68, 0)
2026-06-13 22:59:50 info: +++ Moviment 70 guardat - Session: 26d5491b-9fab-4bd6-8dce-84178aa58527 - Posició: (69, 0)
2026-06-13 22:59:50 info: +++ Moviment 71 guardat - Session: 26d5491b-9fab-4bd6-8dce-84178aa58527 - Posició: (70, 0)
2026-06-13 22:59:50 info: +++ Moviment 72 guardat - Session: 26d5491b-9fab-4bd6-8dce-84178aa58527 - Posició: (71, 0)
2026-06-13 22:59:51 info: +++ Moviment 7 guardat - Session: 559df783-a16b-4356-b7b5-bcf19203d8cf - Posició: (-3, -1)
2026-06-13 22:59:51 info: +++ Moviment 8 guardat - Session: 559df783-a16b-4356-b7b5-bcf19203d8cf - Posició: (-3, 0)
2026-06-13 23:00:00 info: Timeout activat per sessió: 26d5491b-9fab-4bd6-8dce-84178aa58527
2026-06-13 23:00:00 info: === Partida finalitzada === 
2026-06-13 23:00:00 info:  SessionID: 26d5491b-9fab-4bd6-8dce-84178aa58527
2026-06-13 23:00:00 info:  Distància: 71.00
2026-06-13 23:00:00 info:  Moviments: 72
2026-06-13 23:00:00 info:  Durada: 20236ms
2026-06-13 23:00:01 info: Timeout activat per sessió: 559df783-a16b-4356-b7b5-bcf19203d8cf
2026-06-13 23:00:01 info: === Partida finalitzada === 
2026-06-13 23:00:01 info:  SessionID: 559df783-a16b-4356-b7b5-bcf19203d8cf
2026-06-13 23:00:01 info:  Distància: 3.00
2026-06-13 23:00:01 info:  Moviments: 8
2026-06-13 23:00:01 info:  Durada: 22079ms
2026-06-13 23:00:46 info: +++ Nova partida iniciada - Session: 28de832e-afd4-4206-8bbb-831b3ca11c05, Player: player_481, Posició inicial: (0, 0)
2026-06-13 23:00:46 info: +++ Moviment 1 guardat - Session: 28de832e-afd4-4206-8bbb-831b3ca11c05 - Posició: (0, 0)
2026-06-13 23:00:47 info: <<< Client desconnectat: ::ffff:127.0.0.1
2026-06-13 23:00:56 info: Timeout activat per sessió: 28de832e-afd4-4206-8bbb-831b3ca11c05
2026-06-13 23:00:56 info: === Partida finalitzada === 
2026-06-13 23:00:56 info:  SessionID: 28de832e-afd4-4206-8bbb-831b3ca11c05
2026-06-13 23:00:56 info:  Distància: 0.00
2026-06-13 23:00:56 info:  Moviments: 1
2026-06-13 23:00:56 info:  Durada: 10006ms
2026-06-13 23:04:38 info: >>> Nou client connectat: ::ffff:127.0.0.1
2026-06-13 23:04:38 info: +++ Nova partida iniciada - Session: ad8dbb04-1b95-4e6f-9683-c9bcff8c8a76, Player: player_149, Posició inicial: (0, 0)
2026-06-13 23:04:38 info: +++ Moviment 1 guardat - Session: ad8dbb04-1b95-4e6f-9683-c9bcff8c8a76 - Posició: (0, 0)
2026-06-13 23:04:43 info: +++ Nova partida iniciada - Session: 8fb5162b-42f1-46d5-aa62-ceaf83d0ac47, Player: player_149, Posició inicial: (0, 1)
2026-06-13 23:04:43 info: +++ Moviment 1 guardat - Session: 8fb5162b-42f1-46d5-aa62-ceaf83d0ac47 - Posició: (0, 1)
2026-06-13 23:04:44 info: +++ Moviment 2 guardat - Session: 8fb5162b-42f1-46d5-aa62-ceaf83d0ac47 - Posició: (0, 2)
2026-06-13 23:04:44 info: +++ Moviment 3 guardat - Session: 8fb5162b-42f1-46d5-aa62-ceaf83d0ac47 - Posició: (0, 3)
2026-06-13 23:04:44 info: +++ Moviment 4 guardat - Session: 8fb5162b-42f1-46d5-aa62-ceaf83d0ac47 - Posició: (0, 4)
2026-06-13 23:04:44 info: +++ Moviment 5 guardat - Session: 8fb5162b-42f1-46d5-aa62-ceaf83d0ac47 - Posició: (0, 5)
2026-06-13 23:04:44 info: +++ Moviment 6 guardat - Session: 8fb5162b-42f1-46d5-aa62-ceaf83d0ac47 - Posició: (0, 6)
2026-06-13 23:04:44 info: +++ Moviment 7 guardat - Session: 8fb5162b-42f1-46d5-aa62-ceaf83d0ac47 - Posició: (0, 7)
2026-06-13 23:04:44 info: +++ Moviment 8 guardat - Session: 8fb5162b-42f1-46d5-aa62-ceaf83d0ac47 - Posició: (0, 8)
2026-06-13 23:04:44 info: +++ Moviment 9 guardat - Session: 8fb5162b-42f1-46d5-aa62-ceaf83d0ac47 - Posició: (0, 9)
2026-06-13 23:04:44 info: +++ Moviment 10 guardat - Session: 8fb5162b-42f1-46d5-aa62-ceaf83d0ac47 - Posició: (0, 10)
2026-06-13 23:04:47 info: +++ Moviment 11 guardat - Session: 8fb5162b-42f1-46d5-aa62-ceaf83d0ac47 - Posició: (-1, 10)
2026-06-13 23:04:48 info: Timeout activat per sessió: ad8dbb04-1b95-4e6f-9683-c9bcff8c8a76
2026-06-13 23:04:48 info: === Partida finalitzada === 
2026-06-13 23:04:48 info:  SessionID: ad8dbb04-1b95-4e6f-9683-c9bcff8c8a76
2026-06-13 23:04:48 info:  Distància: 0.00
2026-06-13 23:04:48 info:  Moviments: 1
2026-06-13 23:04:48 info:  Durada: 10003ms
2026-06-13 23:04:57 info: Timeout activat per sessió: 8fb5162b-42f1-46d5-aa62-ceaf83d0ac47
2026-06-13 23:04:57 info: === Partida finalitzada === 
2026-06-13 23:04:57 info:  SessionID: 8fb5162b-42f1-46d5-aa62-ceaf83d0ac47
2026-06-13 23:04:57 info:  Distància: 9.06
2026-06-13 23:04:57 info:  Moviments: 11
2026-06-13 23:04:57 info:  Durada: 13708ms
2026-06-13 23:21:06 info: <<< Client desconnectat: ::ffff:127.0.0.1
